nohup: ignoring input
Discovering databases from PROD...
Found databases:
acx
adhki
adhki_messaging
agent_session
autoform
ave
aws_connect
basic_ivrs
billing
billing_pg50
billing_replica_old
bookmarks
caams
cardstream
ccdbs
ccdbs222
ccdbs_pg50
cdr
cogno_db
contact
croud
dbsync
dcdr_gw1
django
epdq_payments
feedback
keycloack_v2
keycloak40
keycloak_v2
keycloak_v21
loneworkerdb
msgreports
msgreports_pg50
msgstore
msgstore_pg50
netbox
notes
phantom
recordings_manager
references
registry
registry_ifl
single_telephony
switchboard
test
test-billing
test-sagepay
tts_db
users
virtualoffice
vtlogger
widgets
z_messagereports
z_messagestore
z_v2
z_voffice
zz_widgets
zzz_billing

============================================
 Liquibase Migration — Copy Exact Structure
 Host : pgsql_cluster.adhkiapps.com
 DBs  : 58
============================================

──────────────────────────────────────────
 Processing: acx
──────────────────────────────────────────
  Schema: acx_core (tables:7 views:0)
  Schema: oracle (tables:4 views:0)

  → Schema: acx_core
     roles:365 users:332 tables:7 views:0 indexes:6 functions:1 procedures:0
     ✅ 001-roles.sql (365 roles)
     ✅ 002-users.sql (332 users)
     ✅ 003-schema.sql
     ✅ 004-sequences.sql (3 sequences)
       + table: app_settings
       + table: feedback
       + table: monitor_blacklist
       + table: pop_history
       + table: recordings_share
       + table: telephony_states
       + table: user_settings
     ✅ 005-tables.sql (7 tables)
     ✅ Table grants: 16 statements copied
     ✅ 007-indexes.sql (6 indexes)
       + function: update_pop_history_latencies
     ✅ 008-functions.sql (1 functions)
       + trigger: trg_update_pop_history_latencies on pop_history
       + trigger: set_timestamp on telephony_states
       + trigger: trg_user_settings_touch on user_settings
     ✅ 010-triggers.sql (4 triggers)
  ✅ Schema acx_core done

  → Schema: oracle
     roles:365 users:332 tables:4 views:0 indexes:13 functions:2 procedures:0
     ✅ 003-schema.sql
     ✅ 004-sequences.sql (4 sequences)
       + table: monitor_audit
       + table: outbound_tracking
       + table: recording_access_log
       + table: skill_sync_events
     ✅ 005-tables.sql (4 tables)
     ✅ Table grants: 7 statements copied
     ✅ 007-indexes.sql (13 indexes)
       + function: fn_monitor_audit_duration
       + function: trg_set_ringing_duration_on_end
     ✅ 008-functions.sql (2 functions)
       + trigger: trg_monitor_audit_duration on monitor_audit
       + trigger: trg_outbound_ringing_duration on outbound_tracking
     ✅ 010-triggers.sql (3 triggers)
  ✅ Schema oracle done
       + extension: pgcrypto (schema: public)
     ✅ extensions.sql (1 extensions)

  Running changelog-sync for acx...
./Migrate_prod_to_repo.sh: line 1511: liquibase: command not found
  ✅ acx done!

──────────────────────────────────────────
 Processing: adhki
──────────────────────────────────────────
  Schema: acme (tables:2 views:0)
  Schema: email_forms (tables:6 views:0)
  Schema: forms (tables:8 views:0)
  Schema: public (tables:20 views:2)

  → Schema: acme
     roles:365 users:332 tables:2 views:0 indexes:0 functions:0 procedures:0
     ✅ 001-roles.sql (365 roles)
     ✅ 002-users.sql (332 users)
     ✅ 003-schema.sql
       + table: log
       + table: policy
     ✅ 005-tables.sql (2 tables)
     ✅ Table grants: 2 statements copied
  ✅ Schema acme done

  → Schema: email_forms
     roles:365 users:332 tables:6 views:0 indexes:17 functions:0 procedures:0
     ✅ 003-schema.sql
     ✅ 004-sequences.sql (5 sequences)
       + table: audit_log
       + table: clients
       + table: email_configurations
       + table: emails
       + table: polling_hours
       + table: sla
     ✅ 005-tables.sql (6 tables)
     ✅ Table grants: 18 statements copied
     ✅ 007-indexes.sql (17 indexes)
  ✅ Schema email_forms done

  → Schema: forms
     roles:365 users:332 tables:8 views:0 indexes:4 functions:0 procedures:0
     ✅ 003-schema.sql
     ✅ 004-sequences.sql (5 sequences)
       + table: data_uploads
       + table: parked_scripts
       + table: parked_scripts_log
       + table: postcode_issues
       + table: promoted_scripts
       + table: references
       + table: script_template
       + table: scripts
     ✅ 005-tables.sql (8 tables)
     ✅ Table grants: 16 statements copied
     ✅ 007-indexes.sql (4 indexes)
  ✅ Schema forms done

  → Schema: public
     roles:365 users:332 tables:20 views:2 indexes:6 functions:13 procedures:0
     ✅ 003-schema.sql
     ✅ 004-sequences.sql (4 sequences)
       + table: application
       + table: channel_records
       + table: data_uploads
       + table: parked_scripts
       + table: parked_scripts_log
       + table: permission
       + table: references
       + table: role
       + table: role_permission
       + table: script
       + table: script_activity
       + table: script_audit
       + table: script_default
       + table: script_in_build
       + table: script_meta_data
       + table: script_submission
       + table: script_template
       + table: user_application
       + table: user_preferences
       + table: users
     ✅ 005-tables.sql (20 tables)
     ✅ Table grants: 26 statements copied
       + view: pg_stat_statements
       + view: pg_stat_statements_info
     ✅ 006-views.sql (2 views)
     ✅ 007-indexes.sql (6 indexes)
       + function: pg_stat_statements
       + function: pg_stat_statements_info
       + function: pg_stat_statements_reset
       + function: uuid_generate_v1
       + function: uuid_generate_v1mc
       + function: uuid_generate_v3
       + function: uuid_generate_v4
       + function: uuid_generate_v5
       + function: uuid_nil
       + function: uuid_ns_dns
       + function: uuid_ns_oid
       + function: uuid_ns_url
       + function: uuid_ns_x500
     ✅ 008-functions.sql (13 functions)
  ✅ Schema public done
       + extension: pg_stat_statements (schema: public)
       + extension: uuid-ossp (schema: public)
     ✅ extensions.sql (2 extensions)

  Running changelog-sync for adhki...
./Migrate_prod_to_repo.sh: line 1511: liquibase: command not found
  ✅ adhki done!

──────────────────────────────────────────
 Processing: adhki_messaging
──────────────────────────────────────────
  Schema: messaging (tables:23 views:2)
  Schema: public (tables:0 views:2)

  → Schema: messaging
     roles:365 users:332 tables:23 views:2 indexes:27 functions:0 procedures:25
     ✅ 001-roles.sql (365 roles)
     ✅ 002-users.sql (332 users)
     ✅ 003-schema.sql
       + sequence: app_access_id_seq
       + sequence: app_granted_permissions_id_seq
       + sequence: client_list_id_seq
       + sequence: data_sms_id_seq
       + sequence: registed_apps_id_seq
       + sequence: sms_providers_id_seq
       + sequence: sms_status_id_seq
     ✅ 004-sequences.sql (26 sequences)
       + table: app_access
       + table: app_granted_permissions
       + table: client_list
       + table: email_data
       + table: email_domains
       + table: email_providers
       + table: email_templates
       + table: global_settings
       + table: mms_blocklist
       + table: mms_broadcast_list
       + table: mms_campaign
       + table: mms_data
       + table: mms_providers
       + table: mms_rd_data
       + table: mms_responses
       + table: registed_apps
       + table: sms_data
       + table: sms_providers
       + table: sms_status
       + table: wa_data
       + table: wa_providers
       + table: wa_templates
       + table: wh_data
     ✅ 005-tables.sql (23 tables)
     ✅ Table grants: 67 statements copied
       + view: vw_failed_sms
       + view: vw_sent_sms
     ✅ 006-views.sql (2 views)
     ✅ 007-indexes.sql (27 indexes)
       + procedure: list_emproviders
       + procedure: list_mmsproviders
       + procedure: list_waproviders
       + procedure: listcombinedproviders
       + procedure: listproviders
       + procedure: listregisteresapps
       + procedure: processincomingemail
       + procedure: processincomingmms
       + procedure: processincomingsms
       + procedure: processincomingwebhook
       + procedure: processincomingwhatsapp
       + procedure: processmmsresponse
       + procedure: pull_campaign_destinations
       + procedure: pullappdata
       + procedure: pullglobalsettings
       + procedure: pulllastemails
       + procedure: pulllastsms
       + procedure: pulllastwhatsapp
       + procedure: pullvalidclients
       + procedure: updateemailmessage
       + procedure: updatemmsstatus
       + procedure: updatesmspriority
       + procedure: updatesmsstatus
       + procedure: updatewhatsappmessage
     ✅ 009-procedures.sql (25 procedures)
  ✅ Schema messaging done

  → Schema: public
     roles:365 users:332 tables:0 views:2 indexes:0 functions:3 procedures:0
     ✅ 003-schema.sql
       + view: pg_stat_statements
       + view: pg_stat_statements_info
     ✅ 006-views.sql (2 views)
       + function: pg_stat_statements
       + function: pg_stat_statements_info
       + function: pg_stat_statements_reset
     ✅ 008-functions.sql (3 functions)
  ✅ Schema public done
       + extension: pg_stat_statements (schema: public)
     ✅ extensions.sql (1 extensions)

  Running changelog-sync for adhki_messaging...
./Migrate_prod_to_repo.sh: line 1511: liquibase: command not found
  ✅ adhki_messaging done!

──────────────────────────────────────────
 Processing: agent_session
──────────────────────────────────────────
  Schema: public (tables:4 views:2)

  → Schema: public
     roles:365 users:332 tables:4 views:2 indexes:2 functions:7 procedures:2
     ✅ 001-roles.sql (365 roles)
     ✅ 002-users.sql (332 users)
     ✅ 003-schema.sql
     ✅ 004-sequences.sql (3 sequences)
       + table: agent_session_status
       + table: ct_site
       + table: live_calls
       + table: user_activity_log
     ✅ 005-tables.sql (4 tables)
     ✅ Table grants: 13 statements copied
       + view: pg_stat_statements
       + view: pg_stat_statements_info
     ✅ 006-views.sql (2 views)
     ✅ 007-indexes.sql (2 indexes)
       + function: notify_agent_session_update
       + function: notify_event
       + function: notify_live_calls
       + function: pg_stat_statements
       + function: pg_stat_statements_info
       + function: pg_stat_statements_reset
       + function: update_last_updated_column
     ✅ 008-functions.sql (7 functions)
       + procedure: get_available_agents
       + procedure: pull_list_of_sites
     ✅ 009-procedures.sql (2 procedures)
       + trigger: agent_session_trigger on agent_session_status
       + trigger: trigger_update_last_updated on agent_session_status
       + trigger: live_calls_notify_trigger on live_calls
     ✅ 010-triggers.sql (6 triggers)
  ✅ Schema public done
       + extension: pg_stat_statements (schema: public)
     ✅ extensions.sql (1 extensions)

  Running changelog-sync for agent_session...
./Migrate_prod_to_repo.sh: line 1511: liquibase: command not found
  ✅ agent_session done!

──────────────────────────────────────────
 Processing: autoform
──────────────────────────────────────────
  Schema: autocrud (tables:0 views:5)
  Schema: metrics (tables:6 views:2)
  Schema: public (tables:0 views:2)

  → Schema: autocrud
     roles:365 users:332 tables:0 views:5 indexes:0 functions:0 procedures:0
     ✅ 001-roles.sql (365 roles)
     ✅ 002-users.sql (332 users)
     ✅ 003-schema.sql
       + view: vw_formtimes
       + view: vw_formtimes_lastmonth_wrapup
       + view: vw_formtimes_today
       + view: vw_formtimes_today_wrapup
       + view: vw_test
     ✅ 006-views.sql (5 views)
  ✅ Schema autocrud done

  → Schema: metrics
     roles:365 users:332 tables:6 views:2 indexes:13 functions:14 procedures:0
     ✅ 003-schema.sql
     ✅ 004-sequences.sql (2 sequences)
       + table: al_messages
       + table: c2c_messages_nov18
       + table: cdr
       + table: ddi_static
       + table: formtimes
       + table: wrapmetrics
     ✅ 005-tables.sql (6 tables)
     ✅ Table grants: 26 statements copied
       + view: last_week_avg_wrap
       + view: vw_wrapmetrics_half_hour
     ✅ 006-views.sql (2 views)
     ✅ 007-indexes.sql (13 indexes)
       + function: file_fdw_handler
       + function: file_fdw_validator
       + function: func_test
       + function: get_agent_at
       + function: get_agentlogin_at
       + function: get_avg_metrics
       + function: get_wrap
       + function: get_wrap_summary
       + function: get_wrap_summary_cc
       + function: postgres_fdw_disconnect
       + function: postgres_fdw_disconnect_all
       + function: postgres_fdw_get_connections
       + function: postgres_fdw_handler
       + function: postgres_fdw_validator
     ✅ 008-functions.sql (14 functions)
  ✅ Schema metrics done

  → Schema: public
     roles:365 users:332 tables:0 views:2 indexes:0 functions:3 procedures:0
     ✅ 003-schema.sql
       + view: pg_stat_statements
       + view: pg_stat_statements_info
     ✅ 006-views.sql (2 views)
       + function: pg_stat_statements
       + function: pg_stat_statements_info
       + function: pg_stat_statements_reset
     ✅ 008-functions.sql (3 functions)
  ✅ Schema public done
       + extension: file_fdw (schema: metrics)
       + extension: pg_stat_statements (schema: public)
       + extension: postgres_fdw (schema: metrics)
     ✅ extensions.sql (3 extensions)
       + FDW: file_fdw
       + FDW: postgres_fdw
       + Foreign Server: bling
       + Foreign Server: blingdb
       + Foreign Server: blingdb1
       + Foreign Server: caams
       + Foreign Server: file_fdw_server
       + Foreign Server: msgstore
       + Foreign Server: virtualoffice
       + User Mapping: baz.patel.pgadmin → bling
       + User Mapping: postgres → bling
       + User Mapping: webreports1 → bling
       + User Mapping: baz.patel.pgadmin → blingdb
       + User Mapping: postgres → blingdb
       + User Mapping: quicksight → blingdb
       + User Mapping: baz.patel.pgadmin → blingdb1
       + User Mapping: postgres → blingdb1
       + User Mapping: quicksight → blingdb1
       + User Mapping: baz.patel.pgadmin → caams
       + User Mapping: postgres → caams
       + User Mapping: baz.patel.pgadmin → msgstore
       + User Mapping: postgres → msgstore
       + User Mapping: baz.patel.pgadmin → virtualoffice
       + User Mapping: postgres → virtualoffice
     ✅ fdw.sql (2 FDWs)

  Running changelog-sync for autoform...
./Migrate_prod_to_repo.sh: line 1511: liquibase: command not found
  ✅ autoform done!

──────────────────────────────────────────
 Processing: ave
──────────────────────────────────────────
  Schema: ave (tables:31 views:1)
  Schema: public (tables:0 views:2)

  → Schema: ave
     roles:365 users:332 tables:31 views:1 indexes:53 functions:6 procedures:33
     ✅ 001-roles.sql (365 roles)
     ✅ 002-users.sql (332 users)
     ✅ 003-schema.sql
       + table: ave_datasource
       + table: ave_language
       + table: ave_models
       + table: ave_outcome_status
       + table: ave_scripts
       + table: ave_step_category
       + table: ave_step_types
       + table: mindflow_model
       + table: mindflow_parallel_operation
       + table: mindflow_script
       + table: mindflow_script_status
       + table: pbx_audiosocket_endpoint
       + table: pbx_ave_ivrlanguage
       + table: pbx_ave_ivrmenu
       + table: pbx_ave_request
       + table: pbx_communication
       + table: pbx_communication_type
       + table: pbx_context
       + table: pbx_log_type
       + table: pbx_request_status
       + table: pbx_request_type
       + table: pbx_scriptrunner_endpoint
       + table: qa_category
       + table: qa_question
       + table: qa_questionnaire_detail
       + table: qa_questionnaire_header
       + table: tsc_at_sharedaccess
       + table: tsc_email_clients
       + table: tsc_email_providers
       + table: tsc_request
       + table: tsc_request_status
     ✅ 005-tables.sql (31 tables)
     ✅ Table grants: 64 statements copied
       + view: vw_ave_catalogs
     ✅ 006-views.sql (1 views)
     ✅ 007-indexes.sql (53 indexes)
       + function: getivrmenufromddi
       + function: getivrmenufromddiunified
       + function: getquestionnairebyid
       + function: logaverequests
     ✅ 008-functions.sql (6 functions)
       + procedure: addsmartdynamicscript
       + procedure: checktsqueue
       + procedure: filtertscrequest
       + procedure: findscriptbyuuid
       + procedure: getcategorylist
       + procedure: getcontextbyddiandname
       + procedure: getemailendpoint
       + procedure: getivrmenuforagiscript
       + procedure: getjobdetails
       + procedure: getqacatalogs
       + procedure: getqaresult
       + procedure: getquesrionnaireheader
       + procedure: getquestionlist
       + procedure: getsmartdynamicscript
       + procedure: gettscrequest
       + procedure: listtscrequest
       + procedure: logavenewrequest
       + procedure: logtscrequest
       + procedure: pullactivedatasources
       + procedure: pullactivemodels
       + procedure: pullactivescriptrunnerendpoints
       + procedure: pullactivesteptypes
       + procedure: pullnexttsinqueue
       + procedure: updateaverequest
       + procedure: updatetscqaresult
       + procedure: updatetscrequest
       + procedure: updatetscstatus
     ✅ 009-procedures.sql (33 procedures)
  ✅ Schema ave done

  → Schema: public
     roles:365 users:332 tables:0 views:2 indexes:0 functions:3 procedures:0
     ✅ 003-schema.sql
       + view: pg_stat_statements
       + view: pg_stat_statements_info
     ✅ 006-views.sql (2 views)
       + function: pg_stat_statements
       + function: pg_stat_statements_info
       + function: pg_stat_statements_reset
     ✅ 008-functions.sql (3 functions)
  ✅ Schema public done
       + extension: pg_stat_statements (schema: public)
     ✅ extensions.sql (1 extensions)

  Running changelog-sync for ave...
./Migrate_prod_to_repo.sh: line 1511: liquibase: command not found
  ✅ ave done!

──────────────────────────────────────────
 Processing: aws_connect
──────────────────────────────────────────
  Schema: routing (tables:1 views:0)
  Schema: public (tables:0 views:2)

  → Schema: routing
     roles:365 users:332 tables:1 views:0 indexes:1 functions:0 procedures:0
     ✅ 001-roles.sql (365 roles)
     ✅ 002-users.sql (332 users)
     ✅ 003-schema.sql
       + sequence: LoginDetails_id_seq
     ✅ 004-sequences.sql (2 sequences)
       + table: logindetails
     ✅ 005-tables.sql (1 tables)
     ✅ Table grants: 2 statements copied
     ✅ 007-indexes.sql (1 indexes)
  ✅ Schema routing done

  → Schema: public
     roles:365 users:332 tables:0 views:2 indexes:0 functions:3 procedures:0
     ✅ 003-schema.sql
       + view: pg_stat_statements
       + view: pg_stat_statements_info
     ✅ 006-views.sql (2 views)
       + function: pg_stat_statements
       + function: pg_stat_statements_info
       + function: pg_stat_statements_reset
     ✅ 008-functions.sql (3 functions)
  ✅ Schema public done
       + extension: pg_stat_statements (schema: public)
     ✅ extensions.sql (1 extensions)

  Running changelog-sync for aws_connect...
./Migrate_prod_to_repo.sh: line 1511: liquibase: command not found
  ✅ aws_connect done!

──────────────────────────────────────────
 Processing: basic_ivrs
──────────────────────────────────────────
  Schema: public (tables:14 views:2)

  → Schema: public
     roles:365 users:332 tables:14 views:2 indexes:14 functions:3 procedures:5
     ✅ 001-roles.sql (365 roles)
     ✅ 002-users.sql (332 users)
     ✅ 003-schema.sql
       + sequence: ct_voice_id_seq
       + sequence: dt_client_id_seq
     ✅ 004-sequences.sql (18 sequences)
       + table: adiuvo_numbers
       + table: agi_endpoints
       + table: ansacomclientscsv
       + table: ct_menu
       + table: ct_menu_direction
       + table: ct_voice
       + table: dt_client
       + table: dt_client_menu
       + table: dt_client_voice
       + table: dt_closing_list
       + table: dt_company
       + table: dt_message
       + table: dt_overflow
       + table: dt_overflow_ddi
     ✅ 005-tables.sql (14 tables)
     ✅ Table grants: 61 statements copied
       + view: pg_stat_statements
       + view: pg_stat_statements_info
     ✅ 006-views.sql (2 views)
     ✅ 007-indexes.sql (14 indexes)
       + function: pg_stat_statements
       + function: pg_stat_statements_info
       + function: pg_stat_statements_reset
     ✅ 008-functions.sql (3 functions)
       + procedure: check_ddi
       + procedure: pull_agi_endpoints
       + procedure: pull_companies
       + procedure: pull_ddis_per_company
       + procedure: pull_message
     ✅ 009-procedures.sql (5 procedures)
  ✅ Schema public done
       + extension: pg_stat_statements (schema: public)
     ✅ extensions.sql (1 extensions)

  Running changelog-sync for basic_ivrs...
./Migrate_prod_to_repo.sh: line 1511: liquibase: command not found
  ✅ basic_ivrs done!

──────────────────────────────────────────
 Processing: billing
──────────────────────────────────────────
  Schema: public (tables:56 views:38)

  → Schema: public
     roles:365 users:332 tables:56 views:38 indexes:122 functions:72 procedures:0
     ✅ 001-roles.sql (365 roles)
     ✅ 002-users.sql (332 users)
     ✅ 003-schema.sql
       + sequence: seq_tmp_client_grouping
     ✅ 004-sequences.sql (45 sequences)
       + table: account
       + table: account_activity
       + table: account_copy
       + table: account_counter
       + table: account_ddi
       + table: account_detail
       + table: account_discount
       + table: account_discount_to_invoice
       + table: account_kind
       + table: account_note
       + table: account_tags
       + table: account_tariff
       + table: account_template
       + table: account_template_deteled_06-2019
       + table: account_to_account_tags
       + table: account_to_tariff
       + table: account_to_tariff_06-2019
       + table: additional_bill
       + table: additional_charge
       + table: alias
       + table: audit_table
       + table: bank_holiday
       + table: cdr
       + table: charge
       + table: charge_type
       + table: companypostgres
       + table: countries
       + table: credit_history
       + table: epdq_alias
       + table: epdq_payment_request_log
       + table: epdq_payment_response_log
       + table: external_cache_data
       + table: free
       + table: free_counter
       + table: free_type
       + table: interim
       + table: invoice
       + table: invoice_counter
       + table: invoice_report
       + table: option
       + table: recurring_bill
       + table: roles
       + table: service_number
       + table: service_number_note
       + table: tariff
       + table: tariff_note
       + table: tariff_override
       + table: temp_cdr
       + table: timezones
       + table: transaction
       + table: user_roles
       + table: users
       + table: users_history
       + table: vat
       + table: vodafone_ddi
       + table: ybv_numbers
     ✅ 005-tables.sql (56 tables)
     ✅ Table grants: 492 statements copied
       + view: ____vw_tmp_invoices
       + view: ____vw_tmp_report_call_avg
       + view: pg_stat_statements
       + view: pg_stat_statements_info
       + view: vw_account_numbers
       + view: vw_account_numbers_now
       + view: vw_account_tariffs
       + view: vw_account_tariffs_free_seconds
       + view: vw_accounts_live
       + view: vw_accounts_live_with_tags
       + view: vw_accounts_search
       + view: vw_accounts_search_suspended
       + view: vw_accounts_xul_search
       + view: vw_adp_bundle_usage
       + view: vw_adptcp_callstats_by_hour15min_interval
       + view: vw_affiliate_report
       + view: vw_call_billing_data
       + view: vw_calls_by_site_date_last90days
       + view: vw_cdr_detail
       + view: vw_cdr_in_detail
       + view: vw_cdr_out_detail
       + view: vw_cdr_report
       + view: vw_charge_detail
       + view: vw_free
       + view: vw_free_magrathea_service_numbers
       + view: vw_get_ddi_test_numbers
       + view: vw_get_ddi_test_numbers_by_tag
       + view: vw_life_report
       + view: vw_live_accounts_with_ddi_and_tariffs
       + view: vw_service_numbers
       + view: vw_service_numbers2
       + view: vw_temp_andy_health_invoices
       + view: vw_temp_andy_highest_yearly_invoice_health_clients
       + view: vw_unused_voip_no
       + view: vw_ybv_callstats_by_hour15min_interval
       + view: vw_ybv_callstats_by_hour15min_intervalv2
       + view: vw_ybv_calltraffic_per_ddi
       + view: vw_zero_invoices_jan_2016
     ✅ 006-views.sql (38 views)
     ✅ 007-indexes.sql (122 indexes)
       + function: generate_additional_bills
       + function: generate_free_counter
       + function: generate_interim_totals
       + function: generate_interval_invoices
       + function: generate_invoice
       + function: generate_special_invoice
       + function: get_account_id
       + function: get_account_kind_id
       + function: get_account_name
       + function: get_account_tariff
       + function: get_account_tariff_id
       + function: get_account_tariff_interval
       + function: get_account_tariff_name
       + function: get_anniversaries
       + function: get_audit_table_data
       + function: get_charge_type
       + function: get_charge_type_id
       + function: get_company_details_by_ddi
       + function: get_cost
       + function: get_free_type_id
       + function: get_interim_account
       + function: get_interim_accounts
       + function: get_interim_total
       + function: get_interim_total_from_snapshot
       + function: get_last_day
       + function: get_last_invoice_type
       + function: get_next_account_number
       + function: get_next_day
       + function: get_next_invoice_number
       + function: get_run_next_from_date
       + function: get_service_number
       + function: get_service_number_public
       + function: get_tariff
       + function: get_tariff_class
       + function: get_timezone
       + function: get_vat
       + function: is_free
       + function: log_to_audit_table()
       + function: notify_account_update
       + function: pg_stat_statements
       + function: pg_stat_statements_info
       + function: pg_stat_statements_reset
       + function: pitr_account
       + function: pitr_account_ddi
       + function: pitr_account_detail
       + function: pitr_account_discount
       + function: pitr_account_template
       + function: pitr_additional_bill
       + function: pitr_recurring_bill
       + function: pitr_service_number
       + function: plpg_check_account
       + function: plpg_check_account_discount
       + function: plpg_check_account_to_tariff
       + function: plpg_check_additional_bill
       + function: plpg_check_additional_charge_before_delete
       + function: plpg_check_additional_charge_before_insert
       + function: plpg_check_cdr_before_delete
       + function: plpg_check_cdr_before_insert
       + function: plpg_check_credit_history
       + function: plpg_check_credit_history_after
       + function: plpg_check_invoice
       + function: plpg_check_recurring_bill
       + function: plpg_check_tariff
       + function: plpg_set_tariff_class
       + function: postgres_fdw_disconnect
       + function: postgres_fdw_disconnect_all
       + function: postgres_fdw_get_connections
       + function: postgres_fdw_handler
       + function: postgres_fdw_validator
       + function: redirect_to_billing_pg50
       + function: ts_round
       + function: update_tariff
     ✅ 008-functions.sql (72 functions)
       + trigger: notify_event on account
       + trigger: trigger_account_audit on account
       + trigger: trigger_account_check on account
       + trigger: notify_event on account_ddi
       + trigger: trigger_account_ddi_audit on account_ddi
       + trigger: trigger_account_detail_audit on account_detail
       + trigger: trigger_account_discount_audit on account_discount
       + trigger: trigger_account_discount_check on account_discount
       + trigger: trigger_account_template_audit on account_template
       + trigger: trigger_check_account_to_tariff on account_to_tariff
       + trigger: trigger_additional_bill_audit on additional_bill
       + trigger: trigger_additional_bill_check on additional_bill
       + trigger: trigger_additional_charge_delete on additional_charge
       + trigger: trigger_additional_charge_insert on additional_charge
       + trigger: trigger_cdr_before_delete on cdr
       + trigger: trigger_cdr_before_insert on cdr
       + trigger: trigger_credit_history_check on credit_history
       + trigger: trigger_credit_history_check_after on credit_history
       + trigger: trig_invoice_check on invoice
       + trigger: trigger_check_recurring_bill on recurring_bill
       + trigger: trigger_recurring_bill_audit on recurring_bill
       + trigger: trigger_service_number_audit on service_number
       + trigger: trigger_tariff_set_class on tariff
     ✅ 010-triggers.sql (54 triggers)
     ✅ 012-rules.sql (4 rules)
  ✅ Schema public done
       + extension: pg_stat_statements (schema: public)
       + extension: plperl (schema: pg_catalog)
       + extension: postgres_fdw (schema: public)
     ✅ extensions.sql (3 extensions)
       + FDW: postgres_fdw
       + Foreign Server: virtualoffice_server
       + User Mapping: baz.patel.pgadmin → virtualoffice_server
     ✅ fdw.sql (1 FDWs)
       + publication: billing_migration
     ✅ replication.sql (1 publications)

  Running changelog-sync for billing...
./Migrate_prod_to_repo.sh: line 1511: liquibase: command not found
  ✅ billing done!

──────────────────────────────────────────
 Processing: billing_pg50
──────────────────────────────────────────
  Schema: public (tables:60 views:44)

  → Schema: public
     roles:365 users:332 tables:60 views:44 indexes:134 functions:72 procedures:5
     ✅ 001-roles.sql (365 roles)
     ✅ 002-users.sql (332 users)
     ✅ 003-schema.sql
       + sequence: seq_tmp_client_grouping
     ✅ 004-sequences.sql (47 sequences)
       + table: account
       + table: account_activity
       + table: account_copy
       + table: account_counter
       + table: account_ddi
       + table: account_detail
       + table: account_detail_backup_20251126
       + table: account_discount
       + table: account_discount_to_invoice
       + table: account_kind
       + table: account_note
       + table: account_tags
       + table: account_tariff
       + table: account_template
       + table: account_template_deteled_06-2019
       + table: account_to_account_tags
       + table: account_to_tariff
       + table: account_to_tariff_06-2019
       + table: additional_bill
       + table: additional_charge
       + table: alias
       + table: audit_table
       + table: backfill_progress_log
       + table: bank_holiday
       + table: cdr
       + table: cdr_account_lookup_errors
       + table: cdr_duplicates_backup_20251023
       + table: charge
       + table: charge_type
       + table: companypostgres
       + table: countries
       + table: credit_history
       + table: epdq_alias
       + table: epdq_payment_request_log
       + table: epdq_payment_response_log
       + table: external_cache_data
       + table: free
       + table: free_counter
       + table: free_type
       + table: interim
       + table: invoice
       + table: invoice_counter
       + table: invoice_report
       + table: option
       + table: recurring_bill
       + table: roles
       + table: service_number
       + table: service_number_note
       + table: tariff
       + table: tariff_note
       + table: tariff_override
       + table: temp_cdr
       + table: timezones
       + table: transaction
       + table: user_roles
       + table: users
       + table: users_history
       + table: vat
       + table: vodafone_ddi
       + table: ybv_numbers
     ✅ 005-tables.sql (60 tables)
     ✅ Table grants: 1889 statements copied
       + view: ____vw_tmp_invoices
       + view: ____vw_tmp_report_call_avg
       + view: pg_stat_statements
       + view: pg_stat_statements_info
       + view: vw_account_numbers
       + view: vw_account_numbers_now
       + view: vw_account_tariffs
       + view: vw_account_tariffs_free_seconds
       + view: vw_accounts_live
       + view: vw_accounts_live_with_tags
       + view: vw_accounts_search
       + view: vw_accounts_search_suspended
       + view: vw_accounts_search_suspended_v2
       + view: vw_accounts_xul_search
       + view: vw_adp_bundle_usage
       + view: vw_adptcp_callstats_by_hour15min_interval
       + view: vw_affiliate_report
       + view: vw_billing_cdr_check
       + view: vw_call_billing_data
       + view: vw_calls_by_site_date_last90days
       + view: vw_callstats_by_hour_by_account
       + view: vw_callstats_by_hour_by_accountv2
       + view: vw_cdr_detail
       + view: vw_cdr_icxp_all
       + view: vw_cdr_in_detail
       + view: vw_cdr_out_detail
       + view: vw_cdr_report
       + view: vw_charge_detail
       + view: vw_free
       + view: vw_free_magrathea_service_numbers
       + view: vw_get_ddi_test_numbers
       + view: vw_get_ddi_test_numbers_by_tag
       + view: vw_life_report
       + view: vw_live_accounts_with_ddi_and_tariffs
       + view: vw_service_numbers
       + view: vw_service_numbers2
       + view: vw_temp_andy_health_invoices
       + view: vw_temp_andy_highest_yearly_invoice_health_clients
       + view: vw_unmatched_cdr_tariff_raw
       + view: vw_unused_voip_no
       + view: vw_ybv_callstats_by_hour15min_interval
       + view: vw_ybv_callstats_by_hour15min_intervalv2
       + view: vw_ybv_calltraffic_per_ddi
       + view: vw_zero_invoices_jan_2016
     ✅ 006-views.sql (44 views)
     ✅ 007-indexes.sql (134 indexes)
       + function: generate_additional_bills
       + function: generate_free_counter
       + function: generate_interim_totals
       + function: generate_interval_invoices
       + function: generate_invoice
       + function: generate_special_invoice
       + function: get_account_id
       + function: get_account_kind_id
       + function: get_account_name
       + function: get_account_tariff
       + function: get_account_tariff_id
       + function: get_account_tariff_interval
       + function: get_account_tariff_name
       + function: get_anniversaries
       + function: get_audit_table_data
       + function: get_charge_type
       + function: get_charge_type_id
       + function: get_company_details_by_ddi
       + function: get_cost
       + function: get_free_type_id
       + function: get_interim_account
       + function: get_interim_accounts
       + function: get_interim_total
       + function: get_interim_total_from_snapshot
       + function: get_last_day
       + function: get_last_invoice_type
       + function: get_next_account_number
       + function: get_next_day
       + function: get_next_invoice_number
       + function: get_run_next_from_date
       + function: get_service_number
       + function: get_service_number_public
       + function: get_tariff
       + function: get_tariff_class
       + function: get_timezone
       + function: get_vat
       + function: is_free
       + function: log_to_audit_table()
       + function: notify_account_update
       + function: pg_stat_statements
       + function: pg_stat_statements_info
       + function: pg_stat_statements_reset
       + function: pitr_account
       + function: pitr_account_ddi
       + function: pitr_account_detail
       + function: pitr_account_discount
       + function: pitr_account_template
       + function: pitr_additional_bill
       + function: pitr_recurring_bill
       + function: pitr_service_number
       + function: plpg_check_account
       + function: plpg_check_account_discount
       + function: plpg_check_account_to_tariff
       + function: plpg_check_additional_bill
       + function: plpg_check_additional_charge_before_delete
       + function: plpg_check_additional_charge_before_insert
       + function: plpg_check_cdr_before_delete
       + function: plpg_check_cdr_before_insert
       + function: plpg_check_credit_history
       + function: plpg_check_credit_history_after
       + function: plpg_check_invoice
       + function: plpg_check_recurring_bill
       + function: plpg_check_tariff
       + function: plpg_set_tariff_class
       + function: postgres_fdw_disconnect
       + function: postgres_fdw_disconnect_all
       + function: postgres_fdw_get_connections
       + function: postgres_fdw_handler
       + function: postgres_fdw_validator
       + function: reprocess_cdr_row
       + function: ts_round
       + function: update_tariff
     ✅ 008-functions.sql (72 functions)
       + procedure: backfill_cdr_feb_batch
       + procedure: backfill_cdr_with_suffix_first
       + procedure: get_client_list
       + procedure: get_client_prefixes
       + procedure: run_backfill_overnight
     ✅ 009-procedures.sql (5 procedures)
       + trigger: notify_event on account
       + trigger: trigger_account_audit on account
       + trigger: trigger_account_check on account
       + trigger: notify_event on account_ddi
       + trigger: trigger_account_ddi_audit on account_ddi
       + trigger: trigger_account_detail_audit on account_detail
       + trigger: trigger_account_discount_audit on account_discount
       + trigger: trigger_account_discount_check on account_discount
       + trigger: trigger_account_template_audit on account_template
       + trigger: trigger_check_account_to_tariff on account_to_tariff
       + trigger: trigger_additional_bill_audit on additional_bill
       + trigger: trigger_additional_bill_check on additional_bill
       + trigger: trigger_additional_charge_delete on additional_charge
       + trigger: trigger_additional_charge_insert on additional_charge
       + trigger: trigger_cdr_before_delete on cdr
       + trigger: trigger_cdr_before_insert on cdr
       + trigger: trigger_credit_history_check on credit_history
       + trigger: trigger_credit_history_check_after on credit_history
       + trigger: trig_invoice_check on invoice
       + trigger: trigger_check_recurring_bill on recurring_bill
       + trigger: trigger_recurring_bill_audit on recurring_bill
       + trigger: trigger_service_number_audit on service_number
       + trigger: trigger_tariff_set_class on tariff
     ✅ 010-triggers.sql (54 triggers)
     ✅ 012-rules.sql (4 rules)
  ✅ Schema public done
       + extension: pg_stat_statements (schema: public)
       + extension: plperl (schema: pg_catalog)
       + extension: postgres_fdw (schema: public)
     ✅ extensions.sql (3 extensions)
       + FDW: postgres_fdw
       + Foreign Server: virtualoffice_server
       + User Mapping: activelinks → virtualoffice_server
       + User Mapping: baz.patel.pgadmin → virtualoffice_server
       + User Mapping: jk.admin → virtualoffice_server
       + User Mapping: postgres → virtualoffice_server
       + User Mapping: quicksight → virtualoffice_server
     ✅ fdw.sql (1 FDWs)
       + publication: billing_migration
       + publication: billing_migration_pg16
     ✅ replication.sql (2 publications)

  Running changelog-sync for billing_pg50...
./Migrate_prod_to_repo.sh: line 1511: liquibase: command not found
  ✅ billing_pg50 done!

──────────────────────────────────────────
 Processing: billing_replica_old
──────────────────────────────────────────
  Schema: public (tables:56 views:37)

  → Schema: public
     roles:365 users:332 tables:56 views:37 indexes:122 functions:66 procedures:0
     ✅ 001-roles.sql (365 roles)
     ✅ 002-users.sql (332 users)
     ✅ 003-schema.sql
       + sequence: seq_tmp_client_grouping
     ✅ 004-sequences.sql (45 sequences)
       + table: account
       + table: account_activity
       + table: account_copy
       + table: account_counter
       + table: account_ddi
       + table: account_detail
       + table: account_discount
       + table: account_discount_to_invoice
       + table: account_kind
       + table: account_note
       + table: account_tags
       + table: account_tariff
       + table: account_template
       + table: account_template_deteled_06-2019
       + table: account_to_account_tags
       + table: account_to_tariff
       + table: account_to_tariff_06-2019
       + table: additional_bill
       + table: additional_charge
       + table: alias
       + table: audit_table
       + table: bank_holiday
       + table: cdr
       + table: charge
       + table: charge_type
       + table: companypostgres
       + table: countries
       + table: credit_history
       + table: epdq_alias
       + table: epdq_payment_request_log
       + table: epdq_payment_response_log
       + table: external_cache_data
       + table: free
       + table: free_counter
       + table: free_type
       + table: interim
       + table: invoice
       + table: invoice_counter
       + table: invoice_report
       + table: option
       + table: recurring_bill
       + table: roles
       + table: service_number
       + table: service_number_note
       + table: tariff
       + table: tariff_note
       + table: tariff_override
       + table: temp_cdr
       + table: timezones
       + table: transaction
       + table: user_roles
       + table: users
       + table: users_history
       + table: vat
       + table: vodafone_ddi
       + table: ybv_numbers
     ✅ 005-tables.sql (56 tables)
     ✅ Table grants: 483 statements copied
       + view: ____vw_tmp_invoices
       + view: ____vw_tmp_report_call_avg
       + view: pg_stat_statements
       + view: pg_stat_statements_info
       + view: vw_account_numbers
       + view: vw_account_numbers_now
       + view: vw_account_tariffs
       + view: vw_account_tariffs_free_seconds
       + view: vw_accounts_live
       + view: vw_accounts_live_with_tags
       + view: vw_accounts_search
       + view: vw_accounts_search_suspended
       + view: vw_accounts_xul_search
       + view: vw_adp_bundle_usage
       + view: vw_adptcp_callstats_by_hour15min_interval
       + view: vw_affiliate_report
       + view: vw_call_billing_data
       + view: vw_cdr_detail
       + view: vw_cdr_in_detail
       + view: vw_cdr_out_detail
       + view: vw_cdr_report
       + view: vw_charge_detail
       + view: vw_free
       + view: vw_free_magrathea_service_numbers
       + view: vw_get_ddi_test_numbers
       + view: vw_get_ddi_test_numbers_by_tag
       + view: vw_life_report
       + view: vw_live_accounts_with_ddi_and_tariffs
       + view: vw_service_numbers
       + view: vw_service_numbers2
       + view: vw_temp_andy_health_invoices
       + view: vw_temp_andy_highest_yearly_invoice_health_clients
       + view: vw_unused_voip_no
       + view: vw_ybv_callstats_by_hour15min_interval
       + view: vw_ybv_callstats_by_hour15min_intervalv2
       + view: vw_ybv_calltraffic_per_ddi
       + view: vw_zero_invoices_jan_2016
     ✅ 006-views.sql (37 views)
     ✅ 007-indexes.sql (122 indexes)
       + function: generate_additional_bills
       + function: generate_free_counter
       + function: generate_interim_totals
       + function: generate_interval_invoices
       + function: generate_invoice
       + function: generate_special_invoice
       + function: get_account_id
       + function: get_account_kind_id
       + function: get_account_name
       + function: get_account_tariff
       + function: get_account_tariff_id
       + function: get_account_tariff_interval
       + function: get_account_tariff_name
       + function: get_anniversaries
       + function: get_audit_table_data
       + function: get_charge_type
       + function: get_charge_type_id
       + function: get_company_details_by_ddi
       + function: get_cost
       + function: get_free_type_id
       + function: get_interim_account
       + function: get_interim_accounts
       + function: get_interim_total
       + function: get_interim_total_from_snapshot
       + function: get_last_day
       + function: get_last_invoice_type
       + function: get_next_account_number
       + function: get_next_day
       + function: get_next_invoice_number
       + function: get_run_next_from_date
       + function: get_service_number
       + function: get_service_number_public
       + function: get_tariff
       + function: get_tariff_class
       + function: get_timezone
       + function: get_vat
       + function: is_free
       + function: log_to_audit_table()
       + function: notify_account_update
       + function: pg_stat_statements
       + function: pg_stat_statements_info
       + function: pg_stat_statements_reset
       + function: pitr_account
       + function: pitr_account_ddi
       + function: pitr_account_detail
       + function: pitr_account_discount
       + function: pitr_account_template
       + function: pitr_additional_bill
       + function: pitr_recurring_bill
       + function: pitr_service_number
       + function: plpg_check_account
       + function: plpg_check_account_discount
       + function: plpg_check_account_to_tariff
       + function: plpg_check_additional_bill
       + function: plpg_check_additional_charge_before_delete
       + function: plpg_check_additional_charge_before_insert
       + function: plpg_check_cdr_before_delete
       + function: plpg_check_cdr_before_insert
       + function: plpg_check_credit_history
       + function: plpg_check_credit_history_after
       + function: plpg_check_invoice
       + function: plpg_check_recurring_bill
       + function: plpg_check_tariff
       + function: plpg_set_tariff_class
       + function: ts_round
       + function: update_tariff
     ✅ 008-functions.sql (66 functions)
       + trigger: notify_event on account
       + trigger: trigger_account_audit on account
       + trigger: trigger_account_check on account
       + trigger: notify_event on account_ddi
       + trigger: trigger_account_ddi_audit on account_ddi
       + trigger: trigger_account_detail_audit on account_detail
       + trigger: trigger_account_discount_audit on account_discount
       + trigger: trigger_account_discount_check on account_discount
       + trigger: trigger_account_template_audit on account_template
       + trigger: trigger_check_account_to_tariff on account_to_tariff
       + trigger: trigger_additional_bill_audit on additional_bill
       + trigger: trigger_additional_bill_check on additional_bill
       + trigger: trigger_additional_charge_delete on additional_charge
       + trigger: trigger_additional_charge_insert on additional_charge
       + trigger: trigger_cdr_before_delete on cdr
       + trigger: trigger_cdr_before_insert on cdr
       + trigger: trigger_credit_history_check on credit_history
       + trigger: trigger_credit_history_check_after on credit_history
       + trigger: trig_invoice_check on invoice
       + trigger: trigger_check_recurring_bill on recurring_bill
       + trigger: trigger_recurring_bill_audit on recurring_bill
       + trigger: trigger_service_number_audit on service_number
       + trigger: trigger_tariff_set_class on tariff
     ✅ 010-triggers.sql (54 triggers)
     ✅ 012-rules.sql (4 rules)
  ✅ Schema public done
       + extension: pg_stat_statements (schema: public)
       + extension: plperl (schema: pg_catalog)
     ✅ extensions.sql (2 extensions)

  Running changelog-sync for billing_replica_old...
./Migrate_prod_to_repo.sh: line 1511: liquibase: command not found
  ✅ billing_replica_old done!

──────────────────────────────────────────
 Processing: bookmarks
──────────────────────────────────────────
  Schema: public (tables:6 views:2)

  → Schema: public
     roles:365 users:332 tables:6 views:2 indexes:7 functions:3 procedures:0
     ✅ 001-roles.sql (365 roles)
     ✅ 002-users.sql (332 users)
     ✅ 003-schema.sql
     ✅ 004-sequences.sql (7 sequences)
       + table: bookmarks_categories
       + table: bookmarks_links
       + table: bookmarks_links_to_tags
       + table: bookmarks_roles
       + table: bookmarks_tags
       + table: bookmarks_users
     ✅ 005-tables.sql (6 tables)
     ✅ Table grants: 14 statements copied
       + view: pg_stat_statements
       + view: pg_stat_statements_info
     ✅ 006-views.sql (2 views)
     ✅ 007-indexes.sql (7 indexes)
       + function: pg_stat_statements
       + function: pg_stat_statements_info
       + function: pg_stat_statements_reset
     ✅ 008-functions.sql (3 functions)
  ✅ Schema public done
       + extension: pg_stat_statements (schema: public)
     ✅ extensions.sql (1 extensions)

  Running changelog-sync for bookmarks...
./Migrate_prod_to_repo.sh: line 1511: liquibase: command not found
  ✅ bookmarks done!

──────────────────────────────────────────
 Processing: caams
──────────────────────────────────────────
  Schema: champs (tables:2 views:0)
  Schema: smdr (tables:2 views:0)
  Schema: public (tables:9 views:12)

  → Schema: champs
     roles:365 users:332 tables:2 views:0 indexes:0 functions:0 procedures:0
     ✅ 001-roles.sql (365 roles)
     ✅ 002-users.sql (332 users)
     ✅ 003-schema.sql
       + sequence: message_seq
       + sequence: pop_history_seq
     ✅ 004-sequences.sql (2 sequences)
       + table: message
       + table: pop_history
     ✅ 005-tables.sql (2 tables)
     ✅ Table grants: 4 statements copied
  ✅ Schema champs done

  → Schema: smdr
     roles:365 users:332 tables:2 views:0 indexes:7 functions:0 procedures:0
     ✅ 003-schema.sql
     ✅ 004-sequences.sql (2 sequences)
       + table: calls
       + table: trunks_to_channels
     ✅ 005-tables.sql (2 tables)
     ✅ Table grants: 16 statements copied
     ✅ 007-indexes.sql (7 indexes)
  ✅ Schema smdr done

  → Schema: public
     roles:365 users:332 tables:9 views:12 indexes:16 functions:17 procedures:0
     ✅ 003-schema.sql
       + sequence: authority_seq
       + sequence: members_log_members_log_id_seq
       + sequence: members_members_id_seq
     ✅ 004-sequences.sql (7 sequences)
       + table: authority
       + table: members
       + table: members_additional_info
       + table: members_assistance
       + table: members_log
       + table: messages
       + table: news
       + table: snapshots
       + table: user_authority
     ✅ 005-tables.sql (9 tables)
     ✅ Table grants: 78 statements copied
       + view: pg_stat_statements
       + view: pg_stat_statements_info
       + view: vw_active_members
       + view: vw_connected_user_ip
       + view: vw_connected_users
       + view: vw_members_log
       + view: vw_members_log_today
       + view: vw_members_log_yesterday
       + view: vw_members_logged_in_today
       + view: vw_members_login_stats_last_month
       + view: vw_members_login_stats_today
       + view: vw_members_login_stats_yesterday
     ✅ 006-views.sql (12 views)
     ✅ 007-indexes.sql (16 indexes)
       + function: generate_password
       + function: get_agent_at
       + function: get_agentlogin_at
       + function: get_ip_at
       + function: get_login_at
       + function: get_login_at_test(timestamp, varchar)
       + function: get_login_stats
       + function: notify_listener
       + function: pg_stat_statements
       + function: pg_stat_statements_info
       + function: pg_stat_statements_reset
       + function: postgres_fdw_disconnect
       + function: postgres_fdw_disconnect_all
       + function: postgres_fdw_get_connections
       + function: postgres_fdw_handler
       + function: postgres_fdw_validator
       + function: update_snapshot
     ✅ 008-functions.sql (17 functions)
       + trigger: trig_messages_notify on messages
       + trigger: trig_news_notify on news
     ✅ 010-triggers.sql (6 triggers)
  ✅ Schema public done
       + extension: pg_stat_statements (schema: public)
       + extension: plperl (schema: pg_catalog)
       + extension: plperlu (schema: pg_catalog)
       + extension: postgres_fdw (schema: public)
     ✅ extensions.sql (4 extensions)
       + FDW: postgres_fdw
       + Foreign Server: virtualoffice_server
       + User Mapping: activelinks → virtualoffice_server
       + User Mapping: baz.patel.pgadmin → virtualoffice_server
       + User Mapping: postgres → virtualoffice_server
       + User Mapping: quicksight → virtualoffice_server
     ✅ fdw.sql (1 FDWs)
       + publication: caams_publication
     ✅ replication.sql (1 publications)

  Running changelog-sync for caams...
./Migrate_prod_to_repo.sh: line 1511: liquibase: command not found
  ✅ caams done!

──────────────────────────────────────────
 Processing: cardstream
──────────────────────────────────────────
  Schema: public (tables:5 views:0)

  → Schema: public
     roles:365 users:332 tables:5 views:0 indexes:3 functions:0 procedures:0
     ✅ 001-roles.sql (365 roles)
     ✅ 002-users.sql (332 users)
     ✅ 003-schema.sql
       + table: cardstream_callbacks
       + table: payer_aliases
       + table: payment_attempts
       + table: payment_link
       + table: payment_link_event
     ✅ 005-tables.sql (5 tables)
     ✅ Table grants: 5 statements copied
     ✅ 007-indexes.sql (3 indexes)
  ✅ Schema public done

  Running changelog-sync for cardstream...
./Migrate_prod_to_repo.sh: line 1511: liquibase: command not found
  ✅ cardstream done!

──────────────────────────────────────────
 Processing: ccdbs
──────────────────────────────────────────
  Schema: public (tables:71 views:2)

  → Schema: public
     roles:365 users:332 tables:71 views:2 indexes:18 functions:4 procedures:0
     ✅ 001-roles.sql (365 roles)
     ✅ 002-users.sql (332 users)
     ✅ 003-schema.sql
       + enum: changed_by
       + enum: comparison_types
       + enum: updated_by
     ✅ 004-types.sql (3 enums)
       + sequence: adp_field_options_fid_seq
       + sequence: adp_fields_fid_seq
       + sequence: adp_franchise_codes_fid_seq
       + sequence: adp_globals_fid_seq
       + sequence: companies_id_seq
       + sequence: fingerprinting_run_fingerprinting_run_id_seq
       + sequence: fingerprints_fingerprint_id_seq
       + sequence: unsupported_scripts_unsupported_scripts_id_seq
     ✅ 004-sequences.sql (10 sequences)
       + table: additional_bill
       + table: adp_contacts
       + table: adp_counter
       + table: adp_field_options
       + table: adp_fields
       + table: adp_franchise_codes
       + table: adp_globals
       + table: adp_life
       + table: adp_longlat
       + table: adp_popscreen_history
       + table: adp_store_locations
       + table: adp_venues
       + table: alliance_logins
       + table: alliance_password
       + table: audit_table
       + table: billing
       + table: billing2
       + table: bookmark_folders
       + table: bookmarks
       + table: business_types
       + table: calendar
       + table: call_list
       + table: call_list_reason
       + table: call_out
       + table: cg_ref_codes
       + table: clients
       + table: companies
       + table: contact_groups
       + table: contacts
       + table: counters
       + table: countries
       + table: country_names
       + table: credit_history
       + table: daemons
       + table: dir_control
       + table: fingerprinting_run
       + table: fingerprints
       + table: free_t2_calls
       + table: haddon_justcanes
       + table: invoices
       + table: ip_alias_map
       + table: last_auth
       + table: login
       + table: marketing
       + table: member_tariff
       + table: members
       + table: members_audit
       + table: members_linked
       + table: members_postcodes
       + table: message
       + table: messages
       + table: nhs
       + table: number_remarks
       + table: popup_messages
       + table: ports
       + table: relay
       + table: script_messages
       + table: service_numbers
       + table: sms_count
       + table: t
       + table: test
       + table: testing
       + table: tm_free
       + table: tmobile_service_numbers
       + table: to_do
       + table: trial_invoices
       + table: unsubscribes
       + table: unsupported_scripts
       + table: vpopmail
       + table: whitelist
       + table: your_comms_nums
     ✅ 005-tables.sql (71 tables)
     ✅ Table grants: 73 statements copied
       + view: pg_stat_statements
       + view: pg_stat_statements_info
     ✅ 006-views.sql (2 views)
     ✅ 007-indexes.sql (18 indexes)
       + function: log_to_audit_table
       + function: pg_stat_statements
       + function: pg_stat_statements_info
       + function: pg_stat_statements_reset
     ✅ 008-functions.sql (4 functions)
  ✅ Schema public done
       + extension: pg_stat_statements (schema: public)
       + extension: plperl (schema: pg_catalog)
     ✅ extensions.sql (2 extensions)

  Running changelog-sync for ccdbs...
./Migrate_prod_to_repo.sh: line 1511: liquibase: command not found
  ✅ ccdbs done!

──────────────────────────────────────────
 Processing: ccdbs222
──────────────────────────────────────────
  Schema: public (tables:71 views:2)

  → Schema: public
     roles:365 users:332 tables:71 views:2 indexes:18 functions:4 procedures:0
     ✅ 001-roles.sql (365 roles)
     ✅ 002-users.sql (332 users)
     ✅ 003-schema.sql
       + enum: changed_by
       + enum: comparison_types
       + enum: updated_by
     ✅ 004-types.sql (3 enums)
       + sequence: adp_field_options_fid_seq
       + sequence: adp_fields_fid_seq
       + sequence: adp_franchise_codes_fid_seq
       + sequence: adp_globals_fid_seq
       + sequence: companies_id_seq
       + sequence: fingerprinting_run_fingerprinting_run_id_seq
       + sequence: fingerprints_fingerprint_id_seq
       + sequence: unsupported_scripts_unsupported_scripts_id_seq
     ✅ 004-sequences.sql (10 sequences)
       + table: additional_bill
       + table: adp_contacts
       + table: adp_counter
       + table: adp_field_options
       + table: adp_fields
       + table: adp_franchise_codes
       + table: adp_globals
       + table: adp_life
       + table: adp_longlat
       + table: adp_popscreen_history
       + table: adp_store_locations
       + table: adp_venues
       + table: alliance_logins
       + table: alliance_password
       + table: audit_table
       + table: billing
       + table: billing2
       + table: bookmark_folders
       + table: bookmarks
       + table: business_types
       + table: calendar
       + table: call_list
       + table: call_list_reason
       + table: call_out
       + table: cg_ref_codes
       + table: clients
       + table: companies
       + table: contact_groups
       + table: contacts
       + table: counters
       + table: countries
       + table: country_names
       + table: credit_history
       + table: daemons
       + table: dir_control
       + table: fingerprinting_run
       + table: fingerprints
       + table: free_t2_calls
       + table: haddon_justcanes
       + table: invoices
       + table: ip_alias_map
       + table: last_auth
       + table: login
       + table: marketing
       + table: member_tariff
       + table: members
       + table: members_audit
       + table: members_linked
       + table: members_postcodes
       + table: message
       + table: messages
       + table: nhs
       + table: number_remarks
       + table: popup_messages
       + table: ports
       + table: relay
       + table: script_messages
       + table: service_numbers
       + table: sms_count
       + table: t
       + table: test
       + table: testing
       + table: tm_free
       + table: tmobile_service_numbers
       + table: to_do
       + table: trial_invoices
       + table: unsubscribes
       + table: unsupported_scripts
       + table: vpopmail
       + table: whitelist
       + table: your_comms_nums
     ✅ 005-tables.sql (71 tables)
     ✅ Table grants: 284 statements copied
       + view: pg_stat_statements
       + view: pg_stat_statements_info
     ✅ 006-views.sql (2 views)
     ✅ 007-indexes.sql (18 indexes)
       + function: log_to_audit_table
       + function: pg_stat_statements
       + function: pg_stat_statements_info
       + function: pg_stat_statements_reset
     ✅ 008-functions.sql (4 functions)
       + trigger: trigger_members_audit on members
     ✅ 010-triggers.sql (1 triggers)
  ✅ Schema public done
       + extension: pg_stat_statements (schema: public)
       + extension: plperl (schema: pg_catalog)
     ✅ extensions.sql (2 extensions)

  Running changelog-sync for ccdbs222...
./Migrate_prod_to_repo.sh: line 1511: liquibase: command not found
  ✅ ccdbs222 done!

──────────────────────────────────────────
 Processing: ccdbs_pg50
──────────────────────────────────────────
  Schema: public (tables:71 views:2)

  → Schema: public
     roles:365 users:332 tables:71 views:2 indexes:18 functions:4 procedures:0
     ✅ 001-roles.sql (365 roles)
     ✅ 002-users.sql (332 users)
     ✅ 003-schema.sql
       + enum: changed_by
       + enum: comparison_types
       + enum: updated_by
     ✅ 004-types.sql (3 enums)
       + sequence: adp_field_options_fid_seq
       + sequence: adp_fields_fid_seq
       + sequence: adp_franchise_codes_fid_seq
       + sequence: adp_globals_fid_seq
       + sequence: companies_id_seq
       + sequence: fingerprinting_run_fingerprinting_run_id_seq
       + sequence: fingerprints_fingerprint_id_seq
       + sequence: unsupported_scripts_unsupported_scripts_id_seq
     ✅ 004-sequences.sql (10 sequences)
       + table: additional_bill
       + table: adp_contacts
       + table: adp_counter
       + table: adp_field_options
       + table: adp_fields
       + table: adp_franchise_codes
       + table: adp_globals
       + table: adp_life
       + table: adp_longlat
       + table: adp_popscreen_history
       + table: adp_store_locations
       + table: adp_venues
       + table: alliance_logins
       + table: alliance_password
       + table: audit_table
       + table: billing
       + table: billing2
       + table: bookmark_folders
       + table: bookmarks
       + table: business_types
       + table: calendar
       + table: call_list
       + table: call_list_reason
       + table: call_out
       + table: cg_ref_codes
       + table: clients
       + table: companies
       + table: contact_groups
       + table: contacts
       + table: counters
       + table: countries
       + table: country_names
       + table: credit_history
       + table: daemons
       + table: dir_control
       + table: fingerprinting_run
       + table: fingerprints
       + table: free_t2_calls
       + table: haddon_justcanes
       + table: invoices
       + table: ip_alias_map
       + table: last_auth
       + table: login
       + table: marketing
       + table: member_tariff
       + table: members
       + table: members_audit
       + table: members_linked
       + table: members_postcodes
       + table: message
       + table: messages
       + table: nhs
       + table: number_remarks
       + table: popup_messages
       + table: ports
       + table: relay
       + table: script_messages
       + table: service_numbers
       + table: sms_count
       + table: t
       + table: test
       + table: testing
       + table: tm_free
       + table: tmobile_service_numbers
       + table: to_do
       + table: trial_invoices
       + table: unsubscribes
       + table: unsupported_scripts
       + table: vpopmail
       + table: whitelist
       + table: your_comms_nums
     ✅ 005-tables.sql (71 tables)
     ✅ Table grants: 284 statements copied
       + view: pg_stat_statements
       + view: pg_stat_statements_info
     ✅ 006-views.sql (2 views)
     ✅ 007-indexes.sql (18 indexes)
       + function: log_to_audit_table
       + function: pg_stat_statements
       + function: pg_stat_statements_info
       + function: pg_stat_statements_reset
     ✅ 008-functions.sql (4 functions)
       + trigger: trigger_members_audit on members
     ✅ 010-triggers.sql (1 triggers)
  ✅ Schema public done
       + extension: pg_stat_statements (schema: public)
       + extension: plperl (schema: pg_catalog)
     ✅ extensions.sql (2 extensions)

  Running changelog-sync for ccdbs_pg50...
./Migrate_prod_to_repo.sh: line 1511: liquibase: command not found
  ✅ ccdbs_pg50 done!

──────────────────────────────────────────
 Processing: cdr
──────────────────────────────────────────
  Schema: public (tables:9 views:35)

  → Schema: public
     roles:365 users:332 tables:9 views:35 indexes:16 functions:13 procedures:0
     ✅ 001-roles.sql (365 roles)
     ✅ 002-users.sql (332 users)
     ✅ 003-schema.sql
     ✅ 004-sequences.sql (6 sequences)
       + table: cdr
       + table: cdr_bits
       + table: cdr_info
       + table: cdr_test
       + table: daily_stats
       + table: last30days
       + table: last30days_changes
       + table: last30days_notes
       + table: report_history
     ✅ 005-tables.sql (9 tables)
     ✅ Table grants: 86 statements copied
       + view: pg_stat_statements
       + view: pg_stat_statements_info
       + view: vw_daily_cash_report
       + view: vw_itemised_bill
       + view: vw_last1month
       + view: vw_last1week
       + view: vw_last1year
       + view: vw_last30days
       + view: vw_last30days_all
       + view: vw_last30days_desc
       + view: vw_last30days_notes
       + view: vw_last30days_select
       + view: vw_last4months
       + view: vw_last4months_avg
       + view: vw_last4months_sum
       + view: vw_last5weeksnotinclastweek
       + view: vw_last_call
       + view: vw_last_call_bymonth
       + view: vw_last_call_list
       + view: vw_member_all_calls
       + view: vw_member_emails
       + view: vw_member_info
       + view: vw_member_info_stats
       + view: vw_member_last_call
       + view: vw_members
       + view: vw_monthly
       + view: vw_monthly_totals
       + view: vw_no_activity
       + view: vw_no_activity_calls
       + view: vw_thus_audit_no002or003_suspended_noactivity
       + view: vw_weekly
       + view: vw_weekly_avg
       + view: vw_weekly_calls_down
       + view: vw_weekly_calls_down_50pc
       + view: vw_weekly_totals
     ✅ 006-views.sql (35 views)
     ✅ 007-indexes.sql (16 indexes)
       + function: every_day
       + function: every_what
       + function: every_what_count
       + function: human_seconds
       + function: human_secs
       + function: maketable_cdr_info
       + function: maketable_last30days
       + function: oracle
       + function: pg_stat_statements
       + function: pg_stat_statements_info
       + function: pg_stat_statements_reset
       + function: postcode
       + function: update_daily_stats
     ✅ 008-functions.sql (13 functions)
  ✅ Schema public done
       + extension: pg_stat_statements (schema: public)
       + extension: plperlu (schema: pg_catalog)
     ✅ extensions.sql (2 extensions)

  Running changelog-sync for cdr...
./Migrate_prod_to_repo.sh: line 1511: liquibase: command not found
  ✅ cdr done!

──────────────────────────────────────────
 Processing: cogno_db
──────────────────────────────────────────
  Schema: cogno (tables:39 views:0)
  Schema: public (tables:3 views:2)

  → Schema: cogno
     roles:365 users:332 tables:39 views:0 indexes:52 functions:7 procedures:46
     ✅ 001-roles.sql (365 roles)
     ✅ 002-users.sql (332 users)
     ✅ 003-schema.sql
     ✅ 004-sequences.sql (34 sequences)
       + table: action_logs
       + table: agent
       + table: agent_activity_log
       + table: agent_session_status
       + table: agi_handler_config
       + table: blocklist
       + table: call_category
       + table: call_history
       + table: call_status
       + table: call_trace
       + table: call_trace_log
       + table: call_type
       + table: company
       + table: company_type
       + table: control_centre
       + table: ct_voice
       + table: ddi_category
       + table: ddi_list
       + table: diversion_app
       + table: diversion_gateway
       + table: diversion_list
       + table: import_lookup
       + table: music_on_hold_clis
       + table: music_on_hold_ddis
       + table: operating_units
       + table: redirect_attempts
       + table: seen_ddis
       + table: servers
       + table: settings
       + table: skill
       + table: skillset_agent
       + table: skillset_company
       + table: skillset_ddi
       + table: snapshot
       + table: universal_queue
       + table: universal_queue_logs
       + table: users
       + table: welcome_msg
       + table: yealink_action_log
     ✅ 005-tables.sql (39 tables)
     ✅ Table grants: 125 statements copied
     ✅ 007-indexes.sql (52 indexes)
       + function: autocorrect_universal_queue
       + function: insert_ddi_into_cogno
       + function: notify_agent_session_update
       + function: notify_call_event
       + function: notify_live_calls
       + function: notify_universal_queue_event
       + function: update_elapsed_time
     ✅ 008-functions.sql (7 functions)
       + procedure: add_edit_diversion_ddi
       + procedure: add_edit_skill
       + procedure: add_edit_user
       + procedure: backup_call
       + procedure: check_ddi_for_diversion
       + procedure: check_ddi_for_diversion_v2
       + procedure: create_snapshot
       + procedure: ddi_skill_management
       + procedure: ddilookup
       + procedure: edit_ddi_skill_row
       + procedure: edit_skill_row
       + procedure: fetch_data_from_callid
       + procedure: get_agent_skills
       + procedure: get_agent_skills_with_filter
       + procedure: get_available_agents
       + procedure: get_blocklist
       + procedure: get_ddi_list
       + procedure: get_server_details
       + procedure: get_user_list
       + procedure: getallagentskills
       + procedure: getddiinfo
       + procedure: getskills
       + procedure: importddifrombilling
       + procedure: insert_outbound_call
       + procedure: log_call_update
       + procedure: log_redirect_attempt
       + procedure: mark_as_callback_requested
       + procedure: pull_list_of_sites
       + procedure: pull_settings
       + procedure: push_incoming_call
       + procedure: push_update_to_call
       + procedure: register_call
       + procedure: register_operating_unit
       + procedure: retrieve_backedup_calls
       + procedure: skills_per_agent
       + procedure: skills_per_ddi
       + procedure: swap_call_site
       + procedure: sync_dedicated_lines
       + procedure: update_ami_settings
       + procedure: update_file_locations
       + procedure: update_general_settings
       + procedure: update_max_settings
       + procedure: update_outbound_call
       + procedure: update_sorting_settings
       + procedure: wrap_to_ready
     ✅ 009-procedures.sql (46 procedures)
       + trigger: agent_session_trigger on agent_session_status
       + trigger: trg_notify_call_insert on universal_queue
       + trigger: trg_notify_call_update on universal_queue
       + trigger: universal_queue_insert_notify on universal_queue
       + trigger: universal_queue_status_change_notify on universal_queue
       + trigger: trg_autocorrect_universal_queue on universal_queue_logs
       + trigger: trg_update_elapsed_time on universal_queue_logs
     ✅ 010-triggers.sql (8 triggers)
  ✅ Schema cogno done

  → Schema: public
     roles:365 users:332 tables:3 views:2 indexes:0 functions:8 procedures:0
     ✅ 003-schema.sql
       + table: p_agent_name
       + table: v_has_hangup_happened
       + table: v_is_attended_xfer
     ✅ 005-tables.sql (3 tables)
     ✅ Table grants: 11 statements copied
       + view: pg_stat_statements
       + view: pg_stat_statements_info
     ✅ 006-views.sql (2 views)
       + function: pg_stat_statements
       + function: pg_stat_statements_info
       + function: pg_stat_statements_reset
       + function: postgres_fdw_disconnect
       + function: postgres_fdw_disconnect_all
       + function: postgres_fdw_get_connections
       + function: postgres_fdw_handler
       + function: postgres_fdw_validator
     ✅ 008-functions.sql (8 functions)
  ✅ Schema public done
       + extension: pg_stat_statements (schema: public)
       + extension: postgres_fdw (schema: public)
     ✅ extensions.sql (2 extensions)
       + FDW: postgres_fdw
       + Foreign Server: agent_session_server
       + Foreign Server: virtualoffice_server
       + User Mapping: baz.patel.pgadmin → agent_session_server
       + User Mapping: matt.sullivan.pgadmin2 → agent_session_server
       + User Mapping: pablo.admin → agent_session_server
       + User Mapping: postgres → agent_session_server
       + User Mapping: quicksight → agent_session_server
       + User Mapping: webreports1 → agent_session_server
       + User Mapping: matt.sullivan.pgadmin2 → virtualoffice_server
       + User Mapping: reporting_reader → virtualoffice_server
     ✅ fdw.sql (1 FDWs)

  Running changelog-sync for cogno_db...
./Migrate_prod_to_repo.sh: line 1511: liquibase: command not found
  ✅ cogno_db done!

──────────────────────────────────────────
 Processing: contact
──────────────────────────────────────────
  Schema: public (tables:23 views:13)

  → Schema: public
     roles:365 users:332 tables:23 views:13 indexes:40 functions:3 procedures:0
     ✅ 001-roles.sql (365 roles)
     ✅ 002-users.sql (332 users)
     ✅ 003-schema.sql
     ✅ 004-sequences.sql (21 sequences)
       + table: calls
       + table: clients
       + table: contacts
       + table: contacts_details
       + table: countries
       + table: diary
       + table: diary_log
       + table: diary_options
       + table: diary_slots
       + table: feedback
       + table: groups
       + table: messages
       + table: notes
       + table: postcodes
       + table: roles
       + table: rotas
       + table: sessions
       + table: switchboards
       + table: templates
       + table: templates_time
       + table: users
       + table: users_history
       + table: users_to_roles
     ✅ 005-tables.sql (23 tables)
     ✅ Table grants: 75 statements copied
       + view: pg_stat_statements
       + view: pg_stat_statements_info
       + view: vw_client_contacts
       + view: vw_client_groups
       + view: vw_contact_details
       + view: vw_contacts_users
       + view: vw_groups
       + view: vw_rotas
       + view: vw_rotas_OLD
       + view: vw_rotas_clients
       + view: vw_rotas_full
       + view: vw_templates
       + view: vw_users_roles
     ✅ 006-views.sql (13 views)
     ✅ 007-indexes.sql (40 indexes)
       + function: pg_stat_statements
       + function: pg_stat_statements_info
       + function: pg_stat_statements_reset
     ✅ 008-functions.sql (3 functions)
  ✅ Schema public done
       + extension: pg_stat_statements (schema: public)
     ✅ extensions.sql (1 extensions)

  Running changelog-sync for contact...
./Migrate_prod_to_repo.sh: line 1511: liquibase: command not found
  ✅ contact done!

──────────────────────────────────────────
 Processing: croud
──────────────────────────────────────────
  Schema: public (tables:6 views:4)

  → Schema: public
     roles:365 users:332 tables:6 views:4 indexes:15 functions:4 procedures:0
     ✅ 001-roles.sql (365 roles)
     ✅ 002-users.sql (332 users)
     ✅ 003-schema.sql
     ✅ 004-sequences.sql (6 sequences)
       + table: audit_table
       + table: blacklist
       + table: ddis
       + table: destinations
       + table: diverts
       + table: members
     ✅ 005-tables.sql (6 tables)
     ✅ Table grants: 17 statements copied
       + view: ddi_to_dest
       + view: pg_stat_statements
       + view: pg_stat_statements_info
       + view: vw_ddi_route
     ✅ 006-views.sql (4 views)
     ✅ 007-indexes.sql (15 indexes)
       + function: log_to_audit_table
       + function: pg_stat_statements
       + function: pg_stat_statements_info
       + function: pg_stat_statements_reset
     ✅ 008-functions.sql (4 functions)
       + trigger: trigger_blacklist_audit on blacklist
       + trigger: trigger_ddis_audit on ddis
       + trigger: trigger_diverts_audit on diverts
       + trigger: trigger_members_audit on members
     ✅ 010-triggers.sql (12 triggers)
  ✅ Schema public done
       + extension: pg_stat_statements (schema: public)
       + extension: plperl (schema: pg_catalog)
     ✅ extensions.sql (2 extensions)

  Running changelog-sync for croud...
./Migrate_prod_to_repo.sh: line 1511: liquibase: command not found
  ✅ croud done!

──────────────────────────────────────────
 Processing: dbsync
──────────────────────────────────────────
  Schema: public (tables:1 views:2)

  → Schema: public
     roles:365 users:332 tables:1 views:2 indexes:1 functions:3 procedures:0
     ✅ 001-roles.sql (365 roles)
     ✅ 002-users.sql (332 users)
     ✅ 003-schema.sql
     ✅ 004-sequences.sql (1 sequences)
       + table: logs
     ✅ 005-tables.sql (1 tables)
     ✅ Table grants: 3 statements copied
       + view: pg_stat_statements
       + view: pg_stat_statements_info
     ✅ 006-views.sql (2 views)
     ✅ 007-indexes.sql (1 indexes)
       + function: pg_stat_statements
       + function: pg_stat_statements_info
       + function: pg_stat_statements_reset
     ✅ 008-functions.sql (3 functions)
  ✅ Schema public done
       + extension: pg_stat_statements (schema: public)
     ✅ extensions.sql (1 extensions)

  Running changelog-sync for dbsync...
./Migrate_prod_to_repo.sh: line 1511: liquibase: command not found
  ✅ dbsync done!

──────────────────────────────────────────
 Processing: dcdr_gw1
──────────────────────────────────────────
  Schema: logger (tables:1 views:0)
  Schema: public (tables:0 views:2)

  → Schema: logger
     roles:365 users:332 tables:1 views:0 indexes:2 functions:0 procedures:0
     ✅ 001-roles.sql (365 roles)
     ✅ 002-users.sql (332 users)
     ✅ 003-schema.sql
       + table: dcdr
     ✅ 005-tables.sql (1 tables)
     ✅ Table grants: 10 statements copied
     ✅ 007-indexes.sql (2 indexes)
  ✅ Schema logger done

  → Schema: public
     roles:365 users:332 tables:0 views:2 indexes:0 functions:3 procedures:0
     ✅ 003-schema.sql
       + view: pg_stat_statements
       + view: pg_stat_statements_info
     ✅ 006-views.sql (2 views)
       + function: pg_stat_statements
       + function: pg_stat_statements_info
       + function: pg_stat_statements_reset
     ✅ 008-functions.sql (3 functions)
  ✅ Schema public done
       + extension: pg_stat_statements (schema: public)
     ✅ extensions.sql (1 extensions)

  Running changelog-sync for dcdr_gw1...
./Migrate_prod_to_repo.sh: line 1511: liquibase: command not found
  ✅ dcdr_gw1 done!

──────────────────────────────────────────
 Processing: django
──────────────────────────────────────────
  Schema: public (tables:11 views:2)

  → Schema: public
     roles:365 users:332 tables:11 views:2 indexes:21 functions:3 procedures:0
     ✅ 001-roles.sql (365 roles)
     ✅ 002-users.sql (332 users)
     ✅ 003-schema.sql
     ✅ 004-sequences.sql (10 sequences)
       + table: auth_group
       + table: auth_group_permissions
       + table: auth_permission
       + table: auth_user
       + table: auth_user_groups
       + table: auth_user_user_permissions
       + table: django_admin_log
       + table: django_content_type
       + table: django_session
       + table: polls_choice
       + table: polls_poll
     ✅ 005-tables.sql (11 tables)
     ✅ Table grants: 13 statements copied
       + view: pg_stat_statements
       + view: pg_stat_statements_info
     ✅ 006-views.sql (2 views)
     ✅ 007-indexes.sql (21 indexes)
       + function: pg_stat_statements
       + function: pg_stat_statements_info
       + function: pg_stat_statements_reset
     ✅ 008-functions.sql (3 functions)
  ✅ Schema public done
       + extension: pg_stat_statements (schema: public)
     ✅ extensions.sql (1 extensions)

  Running changelog-sync for django...
./Migrate_prod_to_repo.sh: line 1511: liquibase: command not found
  ✅ django done!

──────────────────────────────────────────
 Processing: epdq_payments
──────────────────────────────────────────
  Schema: public (tables:5 views:2)

  → Schema: public
     roles:365 users:332 tables:5 views:2 indexes:3 functions:3 procedures:0
     ✅ 001-roles.sql (365 roles)
     ✅ 002-users.sql (332 users)
     ✅ 003-schema.sql
     ✅ 004-sequences.sql (3 sequences)
       + table: authority
       + table: epdq_tracker
       + table: payment_link_log
       + table: user_authority
       + table: users
     ✅ 005-tables.sql (5 tables)
     ✅ Table grants: 7 statements copied
       + view: pg_stat_statements
       + view: pg_stat_statements_info
     ✅ 006-views.sql (2 views)
     ✅ 007-indexes.sql (3 indexes)
       + function: pg_stat_statements
       + function: pg_stat_statements_info
       + function: pg_stat_statements_reset
     ✅ 008-functions.sql (3 functions)
  ✅ Schema public done
       + extension: pg_stat_statements (schema: public)
     ✅ extensions.sql (1 extensions)

  Running changelog-sync for epdq_payments...
./Migrate_prod_to_repo.sh: line 1511: liquibase: command not found
  ✅ epdq_payments done!

──────────────────────────────────────────
 Processing: feedback
──────────────────────────────────────────
  ⚠️  No objects found — skipping

──────────────────────────────────────────
 Processing: keycloack_v2
──────────────────────────────────────────
  Schema: public (tables:0 views:2)

  → Schema: public
     roles:365 users:332 tables:0 views:2 indexes:0 functions:3 procedures:0
     ✅ 001-roles.sql (365 roles)
     ✅ 002-users.sql (332 users)
     ✅ 003-schema.sql
       + view: pg_stat_statements
       + view: pg_stat_statements_info
     ✅ 006-views.sql (2 views)
       + function: pg_stat_statements
       + function: pg_stat_statements_info
       + function: pg_stat_statements_reset
     ✅ 008-functions.sql (3 functions)
  ✅ Schema public done
       + extension: pg_stat_statements (schema: public)
     ✅ extensions.sql (1 extensions)

  Running changelog-sync for keycloack_v2...
./Migrate_prod_to_repo.sh: line 1511: liquibase: command not found
  ✅ keycloack_v2 done!

──────────────────────────────────────────
 Processing: keycloak40
──────────────────────────────────────────
  Schema: public (tables:92 views:2)

  → Schema: public
     roles:365 users:332 tables:92 views:2 indexes:188 functions:3 procedures:0
     ✅ 001-roles.sql (365 roles)
     ✅ 002-users.sql (332 users)
     ✅ 003-schema.sql
       + table: admin_event_entity
       + table: associated_policy
       + table: authentication_execution
       + table: authentication_flow
       + table: authenticator_config
       + table: authenticator_config_entry
       + table: broker_link
       + table: client
       + table: client_attributes
       + table: client_auth_flow_bindings
       + table: client_initial_access
       + table: client_node_registrations
       + table: client_scope
       + table: client_scope_attributes
       + table: client_scope_client
       + table: client_scope_role_mapping
       + table: client_session
       + table: client_session_auth_status
       + table: client_session_note
       + table: client_session_prot_mapper
       + table: client_session_role
       + table: client_user_session_note
       + table: component
       + table: component_config
       + table: composite_role
       + table: credential
       + table: databasechangelog
       + table: databasechangeloglock
       + table: default_client_scope
       + table: event_entity
       + table: fed_user_attribute
       + table: fed_user_consent
       + table: fed_user_consent_cl_scope
       + table: fed_user_credential
       + table: fed_user_group_membership
       + table: fed_user_required_action
       + table: fed_user_role_mapping
       + table: federated_identity
       + table: federated_user
       + table: group_attribute
       + table: group_role_mapping
       + table: identity_provider
       + table: identity_provider_config
       + table: identity_provider_mapper
       + table: idp_mapper_config
       + table: keycloak_group
       + table: keycloak_role
       + table: migration_model
       + table: offline_client_session
       + table: offline_user_session
       + table: policy_config
       + table: protocol_mapper
       + table: protocol_mapper_config
       + table: realm
       + table: realm_attribute
       + table: realm_default_groups
       + table: realm_enabled_event_types
       + table: realm_events_listeners
       + table: realm_localizations
       + table: realm_required_credential
       + table: realm_smtp_config
       + table: realm_supported_locales
       + table: redirect_uris
       + table: required_action_config
       + table: required_action_provider
       + table: resource_attribute
       + table: resource_policy
       + table: resource_scope
       + table: resource_server
       + table: resource_server_perm_ticket
       + table: resource_server_policy
       + table: resource_server_resource
       + table: resource_server_scope
       + table: resource_uris
       + table: role_attribute
       + table: scope_mapping
       + table: scope_policy
       + table: user_attribute
       + table: user_consent
       + table: user_consent_client_scope
       + table: user_entity
       + table: user_federation_config
       + table: user_federation_mapper
       + table: user_federation_mapper_config
       + table: user_federation_provider
       + table: user_group_membership
       + table: user_required_action
       + table: user_role_mapping
       + table: user_session
       + table: user_session_note
       + table: username_login_failure
       + table: web_origins
     ✅ 005-tables.sql (92 tables)
     ✅ Table grants: 94 statements copied
       + view: pg_stat_statements
       + view: pg_stat_statements_info
     ✅ 006-views.sql (2 views)
     ✅ 007-indexes.sql (188 indexes)
       + function: pg_stat_statements
       + function: pg_stat_statements_info
       + function: pg_stat_statements_reset
     ✅ 008-functions.sql (3 functions)
  ✅ Schema public done
       + extension: pg_stat_statements (schema: public)
     ✅ extensions.sql (1 extensions)

  Running changelog-sync for keycloak40...
./Migrate_prod_to_repo.sh: line 1511: liquibase: command not found
  ✅ keycloak40 done!

──────────────────────────────────────────
 Processing: keycloak_v2
──────────────────────────────────────────
  Schema: public (tables:92 views:2)

  → Schema: public
     roles:365 users:332 tables:92 views:2 indexes:186 functions:3 procedures:0
     ✅ 001-roles.sql (365 roles)
     ✅ 002-users.sql (332 users)
     ✅ 003-schema.sql
       + table: admin_event_entity
       + table: associated_policy
       + table: authentication_execution
       + table: authentication_flow
       + table: authenticator_config
       + table: authenticator_config_entry
       + table: broker_link
       + table: client
       + table: client_attributes
       + table: client_auth_flow_bindings
       + table: client_initial_access
       + table: client_node_registrations
       + table: client_scope
       + table: client_scope_attributes
       + table: client_scope_client
       + table: client_scope_role_mapping
       + table: client_session
       + table: client_session_auth_status
       + table: client_session_note
       + table: client_session_prot_mapper
       + table: client_session_role
       + table: client_user_session_note
       + table: component
       + table: component_config
       + table: composite_role
       + table: credential
       + table: databasechangelog
       + table: databasechangeloglock
       + table: default_client_scope
       + table: event_entity
       + table: fed_user_attribute
       + table: fed_user_consent
       + table: fed_user_consent_cl_scope
       + table: fed_user_credential
       + table: fed_user_group_membership
       + table: fed_user_required_action
       + table: fed_user_role_mapping
       + table: federated_identity
       + table: federated_user
       + table: group_attribute
       + table: group_role_mapping
       + table: identity_provider
       + table: identity_provider_config
       + table: identity_provider_mapper
       + table: idp_mapper_config
       + table: keycloak_group
       + table: keycloak_role
       + table: migration_model
       + table: offline_client_session
       + table: offline_user_session
       + table: policy_config
       + table: protocol_mapper
       + table: protocol_mapper_config
       + table: realm
       + table: realm_attribute
       + table: realm_default_groups
       + table: realm_enabled_event_types
       + table: realm_events_listeners
       + table: realm_localizations
       + table: realm_required_credential
       + table: realm_smtp_config
       + table: realm_supported_locales
       + table: redirect_uris
       + table: required_action_config
       + table: required_action_provider
       + table: resource_attribute
       + table: resource_policy
       + table: resource_scope
       + table: resource_server
       + table: resource_server_perm_ticket
       + table: resource_server_policy
       + table: resource_server_resource
       + table: resource_server_scope
       + table: resource_uris
       + table: role_attribute
       + table: scope_mapping
       + table: scope_policy
       + table: user_attribute
       + table: user_consent
       + table: user_consent_client_scope
       + table: user_entity
       + table: user_federation_config
       + table: user_federation_mapper
       + table: user_federation_mapper_config
       + table: user_federation_provider
       + table: user_group_membership
       + table: user_required_action
       + table: user_role_mapping
       + table: user_session
       + table: user_session_note
       + table: username_login_failure
       + table: web_origins
     ✅ 005-tables.sql (92 tables)
     ✅ Table grants: 94 statements copied
       + view: pg_stat_statements
       + view: pg_stat_statements_info
     ✅ 006-views.sql (2 views)
     ✅ 007-indexes.sql (186 indexes)
       + function: pg_stat_statements
       + function: pg_stat_statements_info
       + function: pg_stat_statements_reset
     ✅ 008-functions.sql (3 functions)
  ✅ Schema public done
       + extension: pg_stat_statements (schema: public)
     ✅ extensions.sql (1 extensions)

  Running changelog-sync for keycloak_v2...
./Migrate_prod_to_repo.sh: line 1511: liquibase: command not found
  ✅ keycloak_v2 done!

──────────────────────────────────────────
 Processing: keycloak_v21
──────────────────────────────────────────
  Schema: public (tables:92 views:2)

  → Schema: public
     roles:365 users:332 tables:92 views:2 indexes:187 functions:3 procedures:0
     ✅ 001-roles.sql (365 roles)
     ✅ 002-users.sql (332 users)
     ✅ 003-schema.sql
       + table: admin_event_entity
       + table: associated_policy
       + table: authentication_execution
       + table: authentication_flow
       + table: authenticator_config
       + table: authenticator_config_entry
       + table: broker_link
       + table: client
       + table: client_attributes
       + table: client_auth_flow_bindings
       + table: client_initial_access
       + table: client_node_registrations
       + table: client_scope
       + table: client_scope_attributes
       + table: client_scope_client
       + table: client_scope_role_mapping
       + table: client_session
       + table: client_session_auth_status
       + table: client_session_note
       + table: client_session_prot_mapper
       + table: client_session_role
       + table: client_user_session_note
       + table: component
       + table: component_config
       + table: composite_role
       + table: credential
       + table: databasechangelog
       + table: databasechangeloglock
       + table: default_client_scope
       + table: event_entity
       + table: fed_user_attribute
       + table: fed_user_consent
       + table: fed_user_consent_cl_scope
       + table: fed_user_credential
       + table: fed_user_group_membership
       + table: fed_user_required_action
       + table: fed_user_role_mapping
       + table: federated_identity
       + table: federated_user
       + table: group_attribute
       + table: group_role_mapping
       + table: identity_provider
       + table: identity_provider_config
       + table: identity_provider_mapper
       + table: idp_mapper_config
       + table: keycloak_group
       + table: keycloak_role
       + table: migration_model
       + table: offline_client_session
       + table: offline_user_session
       + table: policy_config
       + table: protocol_mapper
       + table: protocol_mapper_config
       + table: realm
       + table: realm_attribute
       + table: realm_default_groups
       + table: realm_enabled_event_types
       + table: realm_events_listeners
       + table: realm_localizations
       + table: realm_required_credential
       + table: realm_smtp_config
       + table: realm_supported_locales
       + table: redirect_uris
       + table: required_action_config
       + table: required_action_provider
       + table: resource_attribute
       + table: resource_policy
       + table: resource_scope
       + table: resource_server
       + table: resource_server_perm_ticket
       + table: resource_server_policy
       + table: resource_server_resource
       + table: resource_server_scope
       + table: resource_uris
       + table: role_attribute
       + table: scope_mapping
       + table: scope_policy
       + table: user_attribute
       + table: user_consent
       + table: user_consent_client_scope
       + table: user_entity
       + table: user_federation_config
       + table: user_federation_mapper
       + table: user_federation_mapper_config
       + table: user_federation_provider
       + table: user_group_membership
       + table: user_required_action
       + table: user_role_mapping
       + table: user_session
       + table: user_session_note
       + table: username_login_failure
       + table: web_origins
     ✅ 005-tables.sql (92 tables)
     ✅ Table grants: 94 statements copied
       + view: pg_stat_statements
       + view: pg_stat_statements_info
     ✅ 006-views.sql (2 views)
     ✅ 007-indexes.sql (187 indexes)
       + function: pg_stat_statements
       + function: pg_stat_statements_info
       + function: pg_stat_statements_reset
     ✅ 008-functions.sql (3 functions)
  ✅ Schema public done
       + extension: pg_stat_statements (schema: public)
     ✅ extensions.sql (1 extensions)

  Running changelog-sync for keycloak_v21...
./Migrate_prod_to_repo.sh: line 1511: liquibase: command not found
  ✅ keycloak_v21 done!

──────────────────────────────────────────
 Processing: loneworkerdb
──────────────────────────────────────────
  Schema: loneworker (tables:44 views:0)

  → Schema: loneworker
     roles:365 users:332 tables:44 views:0 indexes:63 functions:0 procedures:72
     ✅ 001-roles.sql (365 roles)
     ✅ 002-users.sql (332 users)
     ✅ 003-schema.sql
     ✅ 004-sequences.sql (20 sequences)
       + table: audit_logs
       + table: companies
       + table: configuration_overrides
       + table: critical_incident
       + table: ct_call_status
       + table: ct_check_status
       + table: ct_escalation_status
       + table: ct_incident_type
       + table: ct_leave_status
       + table: ct_leave_type
       + table: ct_phone_type
       + table: ct_roles
       + table: ct_servers
       + table: ct_shift_status
       + table: ct_shifts
       + table: ct_work_status
       + table: dt_absences
       + table: dt_call_logs
       + table: dt_company
       + table: dt_escalations
       + table: dt_incidents
       + table: dt_managers
       + table: dt_otp
       + table: dt_people
       + table: dt_phones
       + table: dt_sites
       + table: dt_worker
       + table: email_audit
       + table: emergency_contacts
       + table: escalation_attempts
       + table: escalation_workflows
       + table: escalations
       + table: lone_worker_sessions
       + table: notifications
       + table: otp_details
       + table: scheduled_checkins
       + table: session_breaks
       + table: shift_assignment_history
       + table: shifts
       + table: sites
       + table: user_sites
       + table: users
       + table: worker_absences
       + table: workers
     ✅ 005-tables.sql (44 tables)
     ✅ Table grants: 157 statements copied
     ✅ 007-indexes.sql (63 indexes)
       + procedure: acknowledge_incident
       + procedure: addworkertoshiftgroup
       + procedure: approveabsence
       + procedure: check_cli
       + procedure: check_ddi
       + procedure: countactivemanagersforsite
       + procedure: createcompany
       + procedure: createmanager
       + procedure: createperson
       + procedure: createphone
       + procedure: createshift
       + procedure: createsite
       + procedure: createworker
       + procedure: deletecompany
       + procedure: deleteperson
       + procedure: deleteshift
       + procedure: deletesite
       + procedure: deleteworker
       + procedure: get_list_of_incidents
       + procedure: get_manager_to_report
       + procedure: get_next_calls
       + procedure: getabsencesbysite
       + procedure: getabsencesbyworker
       + procedure: getactivesessionsbycompany
       + procedure: getactivesessionsbysite
       + procedure: getcompanies
       + procedure: getcompanyadminbycompanyid
       + procedure: getcompanybyemail
       + procedure: getcompanybyid
       + procedure: getcompanyincidents
       + procedure: getcompanyreports
       + procedure: getmanagersbycompany
       + procedure: getmanagersites
       + procedure: getotpbyemail
       + procedure: getpendingabsencesbysite
       + procedure: getpeoplebyrole
       + procedure: getpersonbyemail
       + procedure: getpersonbyid
       + procedure: getrolename
       + procedure: getshiftbyid
       + procedure: getshiftsbycompany
       + procedure: getshiftsbysite
       + procedure: getsitebyid
       + procedure: getsitecompany
       + procedure: getsiteincidents
       + procedure: getsitereports
       + procedure: getsitesbycompany
       + procedure: getworkerbyid
       + procedure: getworkerbypeopleid
       + procedure: getworkersbycompany
       + procedure: in_call_incident
       + procedure: logabsence
       + procedure: process_checking_call
       + procedure: pull_list_of_sites
       + procedure: register_call
       + procedure: rejectabsence
       + procedure: removeworkerfromshift
       + procedure: resolveincident
       + procedure: setmanagerpriority
       + procedure: setworkerpin
       + procedure: update_work_status
       + procedure: updatecompany
       + procedure: updatecompanyadminsiteifdefault
       + procedure: updatemanagersites
       + procedure: updatepersonpassword
       + procedure: updatepersonsite
       + procedure: updateshift
       + procedure: updatesite
       + procedure: updateworker
       + procedure: upsertotp
     ✅ 009-procedures.sql (72 procedures)
  ✅ Schema loneworker done

  Running changelog-sync for loneworkerdb...
./Migrate_prod_to_repo.sh: line 1511: liquibase: command not found
  ✅ loneworkerdb done!

──────────────────────────────────────────
 Processing: msgreports
──────────────────────────────────────────
  Schema: public (tables:8 views:4)

  → Schema: public
     roles:365 users:332 tables:8 views:4 indexes:15 functions:3 procedures:0
     ✅ 001-roles.sql (365 roles)
     ✅ 002-users.sql (332 users)
     ✅ 003-schema.sql
     ✅ 004-sequences.sql (8 sequences)
       + table: report
       + table: report_activity
       + table: report_email
       + table: report_email_to_info
       + table: report_info
       + table: report_log
       + table: report_request
       + table: report_sql
     ✅ 005-tables.sql (8 tables)
     ✅ Table grants: 22 statements copied
       + view: pg_stat_statements
       + view: pg_stat_statements_info
       + view: vw_report_activity
       + view: vw_report_info
     ✅ 006-views.sql (4 views)
     ✅ 007-indexes.sql (15 indexes)
       + function: pg_stat_statements
       + function: pg_stat_statements_info
       + function: pg_stat_statements_reset
     ✅ 008-functions.sql (3 functions)
  ✅ Schema public done
       + extension: pg_stat_statements (schema: public)
     ✅ extensions.sql (1 extensions)

  Running changelog-sync for msgreports...
./Migrate_prod_to_repo.sh: line 1511: liquibase: command not found
  ✅ msgreports done!

──────────────────────────────────────────
 Processing: msgreports_pg50
──────────────────────────────────────────
  Schema: public (tables:8 views:4)

  → Schema: public
     roles:365 users:332 tables:8 views:4 indexes:15 functions:3 procedures:0
     ✅ 001-roles.sql (365 roles)
     ✅ 002-users.sql (332 users)
     ✅ 003-schema.sql
     ✅ 004-sequences.sql (8 sequences)
       + table: report
       + table: report_activity
       + table: report_email
       + table: report_email_to_info
       + table: report_info
       + table: report_log
       + table: report_request
       + table: report_sql
     ✅ 005-tables.sql (8 tables)
     ✅ Table grants: 22 statements copied
       + view: pg_stat_statements
       + view: pg_stat_statements_info
       + view: vw_report_activity
       + view: vw_report_info
     ✅ 006-views.sql (4 views)
     ✅ 007-indexes.sql (15 indexes)
       + function: pg_stat_statements
       + function: pg_stat_statements_info
       + function: pg_stat_statements_reset
     ✅ 008-functions.sql (3 functions)
  ✅ Schema public done
       + extension: pg_stat_statements (schema: public)
     ✅ extensions.sql (1 extensions)
       + publication: msgreports_migration
     ✅ replication.sql (1 publications)

  Running changelog-sync for msgreports_pg50...
./Migrate_prod_to_repo.sh: line 1511: liquibase: command not found
  ✅ msgreports_pg50 done!

──────────────────────────────────────────
 Processing: msgstore
──────────────────────────────────────────
  Schema: public (tables:15 views:2)

  → Schema: public
     roles:365 users:332 tables:15 views:2 indexes:42 functions:12 procedures:0
     ✅ 001-roles.sql (365 roles)
     ✅ 002-users.sql (332 users)
     ✅ 003-schema.sql
     ✅ 004-sequences.sql (9 sequences)
       + table: call
       + table: email
       + table: email_archive
       + table: email_attachment
       + table: email_log
       + table: http
       + table: http_archive
       + table: log
       + table: message
       + table: message_archive
       + table: message_snapshot
       + table: report
       + table: report_info
       + table: sms
       + table: sms_archive
     ✅ 005-tables.sql (15 tables)
     ✅ Table grants: 62 statements copied
       + view: pg_stat_statements
       + view: pg_stat_statements_info
     ✅ 006-views.sql (2 views)
     ✅ 007-indexes.sql (42 indexes)
       + function: copy_message
       + function: isdateinrange
       + function: pg_stat_statements
       + function: pg_stat_statements_info
       + function: pg_stat_statements_reset
       + function: postgres_fdw_disconnect
       + function: postgres_fdw_disconnect_all
       + function: postgres_fdw_get_connections
       + function: postgres_fdw_handler
       + function: postgres_fdw_validator
       + function: queue_event
       + function: update_message_snapshot
     ✅ 008-functions.sql (12 functions)
       + trigger: notify_event on email
       + trigger: notify_event on http
       + trigger: cdr_messages on message
       + trigger: copy_message on message
       + trigger: update_message_snapshot on message
       + trigger: notify_event on sms
     ✅ 010-triggers.sql (6 triggers)
  ✅ Schema public done
       + extension: pg_stat_statements (schema: public)
       + extension: postgres_fdw (schema: public)
     ✅ extensions.sql (2 extensions)
       + FDW: postgres_fdw
     ✅ fdw.sql (1 FDWs)
       + publication: msgstore_migration
     ✅ replication.sql (1 publications)

  Running changelog-sync for msgstore...
./Migrate_prod_to_repo.sh: line 1511: liquibase: command not found
  ✅ msgstore done!

──────────────────────────────────────────
 Processing: msgstore_pg50
──────────────────────────────────────────
  Schema: public (tables:17 views:6)

  → Schema: public
     roles:365 users:332 tables:17 views:6 indexes:52 functions:13 procedures:3
     ✅ 001-roles.sql (365 roles)
     ✅ 002-users.sql (332 users)
     ✅ 003-schema.sql
     ✅ 004-sequences.sql (11 sequences)
       + table: call
       + table: email
       + table: email_archive
       + table: email_attachment
       + table: email_log
       + table: exclude_extensions
       + table: http
       + table: http_archive
       + table: log
       + table: message
       + table: message_archive
       + table: message_snapshot
       + table: mfrom_replacement
       + table: report
       + table: report_info
       + table: sms
       + table: sms_archive
     ✅ 005-tables.sql (17 tables)
     ✅ Table grants: 159 statements copied
       + view: pg_stat_statements
       + view: pg_stat_statements_info
       + view: vw_check_messagestore
       + view: vw_messages_all
       + view: vw_messages_all2
       + view: vw_tables_sizes_schemas
     ✅ 006-views.sql (6 views)
     ✅ 007-indexes.sql (52 indexes)
       + function: copy_message
       + function: isdateinrange
       + function: pg_stat_statements
       + function: pg_stat_statements_info
       + function: pg_stat_statements_reset
       + function: postgres_fdw_disconnect
       + function: postgres_fdw_disconnect_all
       + function: postgres_fdw_get_connections
       + function: postgres_fdw_handler
       + function: postgres_fdw_validator
       + function: queue_event
       + function: update_message_snapshot
       + function: validate_email
     ✅ 008-functions.sql (13 functions)
       + procedure: from_weebhok_to_messages
       + procedure: pull_item_from
       + procedure: pull_item_from_v2
     ✅ 009-procedures.sql (3 procedures)
       + trigger: notify_event on email
       + trigger: notify_event on http
       + trigger: cdr_messages on message
       + trigger: copy_message on message
       + trigger: update_message_snapshot on message
       + trigger: notify_event on sms
     ✅ 010-triggers.sql (6 triggers)
  ✅ Schema public done
       + extension: pg_stat_statements (schema: public)
       + extension: postgres_fdw (schema: public)
     ✅ extensions.sql (2 extensions)
       + FDW: postgres_fdw
     ✅ fdw.sql (1 FDWs)
       + publication: msgstore_migration
     ✅ replication.sql (1 publications)

  Running changelog-sync for msgstore_pg50...
./Migrate_prod_to_repo.sh: line 1511: liquibase: command not found
  ✅ msgstore_pg50 done!

──────────────────────────────────────────
 Processing: netbox
──────────────────────────────────────────
  Schema: public (tables:178 views:2)

  → Schema: public
     roles:365 users:332 tables:178 views:2 indexes:675 functions:3 procedures:0
     ✅ 001-roles.sql (365 roles)
     ✅ 002-users.sql (332 users)
     ✅ 003-schema.sql
       + table: auth_group
       + table: auth_group_permissions
       + table: auth_permission
       + table: auth_user
       + table: auth_user_groups
       + table: auth_user_user_permissions
       + table: circuits_circuit
       + table: circuits_circuittermination
       + table: circuits_circuittype
       + table: circuits_provider
       + table: circuits_provider_asns
       + table: circuits_provideraccount
       + table: circuits_providernetwork
       + table: core_autosyncrecord
       + table: core_configrevision
       + table: core_datafile
       + table: core_datasource
       + table: core_job
       + table: core_managedfile
       + table: dcim_cable
       + table: dcim_cablepath
       + table: dcim_cabletermination
       + table: dcim_consoleport
       + table: dcim_consoleporttemplate
       + table: dcim_consoleserverport
       + table: dcim_consoleserverporttemplate
       + table: dcim_device
       + table: dcim_devicebay
       + table: dcim_devicebaytemplate
       + table: dcim_devicerole
       + table: dcim_devicetype
       + table: dcim_frontport
       + table: dcim_frontporttemplate
       + table: dcim_interface
       + table: dcim_interface_tagged_vlans
       + table: dcim_interface_vdcs
       + table: dcim_interface_wireless_lans
       + table: dcim_interfacetemplate
       + table: dcim_inventoryitem
       + table: dcim_inventoryitemrole
       + table: dcim_inventoryitemtemplate
       + table: dcim_location
       + table: dcim_manufacturer
       + table: dcim_module
       + table: dcim_modulebay
       + table: dcim_modulebaytemplate
       + table: dcim_moduletype
       + table: dcim_platform
       + table: dcim_powerfeed
       + table: dcim_poweroutlet
       + table: dcim_poweroutlettemplate
       + table: dcim_powerpanel
       + table: dcim_powerport
       + table: dcim_powerporttemplate
       + table: dcim_rack
       + table: dcim_rackreservation
       + table: dcim_rackrole
       + table: dcim_rearport
       + table: dcim_rearporttemplate
       + table: dcim_region
       + table: dcim_site
       + table: dcim_site_asns
       + table: dcim_sitegroup
       + table: dcim_virtualchassis
       + table: dcim_virtualdevicecontext
       + table: django_admin_log
       + table: django_content_type
       + table: django_migrations
       + table: django_session
       + table: extras_bookmark
       + table: extras_branch
       + table: extras_cachedvalue
       + table: extras_configcontext
       + table: extras_configcontext_cluster_groups
       + table: extras_configcontext_cluster_types
       + table: extras_configcontext_clusters
       + table: extras_configcontext_device_types
       + table: extras_configcontext_locations
       + table: extras_configcontext_platforms
       + table: extras_configcontext_regions
       + table: extras_configcontext_roles
       + table: extras_configcontext_site_groups
       + table: extras_configcontext_sites
       + table: extras_configcontext_tags
       + table: extras_configcontext_tenant_groups
       + table: extras_configcontext_tenants
       + table: extras_configtemplate
       + table: extras_customfield
       + table: extras_customfield_content_types
       + table: extras_customfieldchoiceset
       + table: extras_customlink
       + table: extras_customlink_content_types
       + table: extras_dashboard
       + table: extras_eventrule
       + table: extras_eventrule_content_types
       + table: extras_exporttemplate
       + table: extras_exporttemplate_content_types
       + table: extras_imageattachment
       + table: extras_journalentry
       + table: extras_objectchange
       + table: extras_savedfilter
       + table: extras_savedfilter_content_types
       + table: extras_stagedchange
       + table: extras_tag
       + table: extras_tag_object_types
       + table: extras_taggeditem
       + table: extras_webhook
       + table: ipam_aggregate
       + table: ipam_asn
       + table: ipam_asnrange
       + table: ipam_fhrpgroup
       + table: ipam_fhrpgroupassignment
       + table: ipam_ipaddress
       + table: ipam_iprange
       + table: ipam_prefix
       + table: ipam_rir
       + table: ipam_role
       + table: ipam_routetarget
       + table: ipam_service
       + table: ipam_service_ipaddresses
       + table: ipam_servicetemplate
       + table: ipam_vlan
       + table: ipam_vlangroup
       + table: ipam_vrf
       + table: ipam_vrf_export_targets
       + table: ipam_vrf_import_targets
       + table: netbox_topology_views_circuitcoordinate
       + table: netbox_topology_views_coordinate
       + table: netbox_topology_views_coordinategroup
       + table: netbox_topology_views_individualoptions
       + table: netbox_topology_views_individualoptions_preselected_device
       + table: netbox_topology_views_individualoptions_preselected_tag
       + table: netbox_topology_views_powerfeedcoordinate
       + table: netbox_topology_views_powerpanelcoordinate
       + table: netbox_topology_views_roleimage
       + table: social_auth_association
       + table: social_auth_code
       + table: social_auth_nonce
       + table: social_auth_partial
       + table: social_auth_usersocialauth
       + table: taggit_tag
       + table: taggit_taggeditem
       + table: tenancy_contact
       + table: tenancy_contactassignment
       + table: tenancy_contactgroup
       + table: tenancy_contactrole
       + table: tenancy_tenant
       + table: tenancy_tenantgroup
       + table: users_objectpermission
       + table: users_objectpermission_groups
       + table: users_objectpermission_object_types
       + table: users_objectpermission_users
       + table: users_token
       + table: users_userconfig
       + table: virtualization_cluster
       + table: virtualization_clustergroup
       + table: virtualization_clustertype
       + table: virtualization_virtualdisk
       + table: virtualization_virtualmachine
       + table: virtualization_vminterface
       + table: virtualization_vminterface_tagged_vlans
       + table: vpn_ikepolicy
       + table: vpn_ikepolicy_proposals
       + table: vpn_ikeproposal
       + table: vpn_ipsecpolicy
       + table: vpn_ipsecpolicy_proposals
       + table: vpn_ipsecprofile
       + table: vpn_ipsecproposal
       + table: vpn_l2vpn
       + table: vpn_l2vpn_export_targets
       + table: vpn_l2vpn_import_targets
       + table: vpn_l2vpntermination
       + table: vpn_tunnel
       + table: vpn_tunnelgroup
       + table: vpn_tunneltermination
       + table: wireless_wirelesslan
       + table: wireless_wirelesslangroup
       + table: wireless_wirelesslink
     ✅ 005-tables.sql (178 tables)
     ✅ Table grants: 358 statements copied
       + view: pg_stat_statements
       + view: pg_stat_statements_info
     ✅ 006-views.sql (2 views)
     ✅ 007-indexes.sql (675 indexes)
       + function: pg_stat_statements
       + function: pg_stat_statements_info
       + function: pg_stat_statements_reset
     ✅ 008-functions.sql (3 functions)
  ✅ Schema public done
       + extension: pg_stat_statements (schema: public)
     ✅ extensions.sql (1 extensions)

  Running changelog-sync for netbox...
./Migrate_prod_to_repo.sh: line 1511: liquibase: command not found
  ✅ netbox done!

──────────────────────────────────────────
 Processing: notes
──────────────────────────────────────────
  Schema: public (tables:2 views:2)

  → Schema: public
     roles:365 users:332 tables:2 views:2 indexes:2 functions:8 procedures:0
     ✅ 001-roles.sql (365 roles)
     ✅ 002-users.sql (332 users)
     ✅ 003-schema.sql
       + sequence: complaint_id_seq
       + sequence: notes_noteid_seq
     ✅ 004-sequences.sql (2 sequences)
       + table: complaints
       + table: notes
     ✅ 005-tables.sql (2 tables)
     ✅ Table grants: 8 statements copied
       + view: pg_stat_statements
       + view: pg_stat_statements_info
     ✅ 006-views.sql (2 views)
     ✅ 007-indexes.sql (2 indexes)
       + function: pg_stat_statements
       + function: pg_stat_statements_info
       + function: pg_stat_statements_reset
       + function: postgres_fdw_disconnect
       + function: postgres_fdw_disconnect_all
       + function: postgres_fdw_get_connections
       + function: postgres_fdw_handler
       + function: postgres_fdw_validator
     ✅ 008-functions.sql (8 functions)
  ✅ Schema public done
       + extension: pg_stat_statements (schema: public)
       + extension: postgres_fdw (schema: public)
     ✅ extensions.sql (2 extensions)
       + FDW: postgres_fdw
       + Foreign Server: notes_server
       + User Mapping: baz.patel.pgadmin → notes_server
       + User Mapping: postgres → notes_server
       + User Mapping: quicksight → notes_server
       + User Mapping: webreports1 → notes_server
     ✅ fdw.sql (1 FDWs)

  Running changelog-sync for notes...
./Migrate_prod_to_repo.sh: line 1511: liquibase: command not found
  ✅ notes done!

──────────────────────────────────────────
 Processing: phantom
──────────────────────────────────────────
  Schema: public (tables:9 views:2)

  → Schema: public
     roles:365 users:332 tables:9 views:2 indexes:16 functions:3 procedures:0
     ✅ 001-roles.sql (365 roles)
     ✅ 002-users.sql (332 users)
     ✅ 003-schema.sql
       + sequence: roles_roles_id_seq
       + sequence: workers_popping_id_seq
     ✅ 004-sequences.sql (2 sequences)
       + table: call_types
       + table: clients
       + table: roles
       + table: schedules
       + table: user_roles
       + table: users
       + table: users_log
       + table: workers
       + table: workers_log
     ✅ 005-tables.sql (9 tables)
     ✅ Table grants: 29 statements copied
       + view: pg_stat_statements
       + view: pg_stat_statements_info
     ✅ 006-views.sql (2 views)
     ✅ 007-indexes.sql (16 indexes)
       + function: pg_stat_statements
       + function: pg_stat_statements_info
       + function: pg_stat_statements_reset
     ✅ 008-functions.sql (3 functions)
  ✅ Schema public done
       + extension: pg_stat_statements (schema: public)
     ✅ extensions.sql (1 extensions)

  Running changelog-sync for phantom...
./Migrate_prod_to_repo.sh: line 1511: liquibase: command not found
  ✅ phantom done!

──────────────────────────────────────────
 Processing: recordings_manager
──────────────────────────────────────────
  Schema: recordings (tables:6 views:0)
  Schema: public (tables:0 views:2)

  → Schema: recordings
     roles:365 users:332 tables:6 views:0 indexes:7 functions:0 procedures:11
     ✅ 001-roles.sql (365 roles)
     ✅ 002-users.sql (332 users)
     ✅ 003-schema.sql
     ✅ 004-sequences.sql (2 sequences)
       + table: global_settings
       + table: processed_list
       + table: sensitive_list
       + table: server_list
       + table: server_stats
       + table: storage_location
     ✅ 005-tables.sql (6 tables)
     ✅ Table grants: 12 statements copied
     ✅ 007-indexes.sql (7 indexes)
       + procedure: add_processed_log
       + procedure: add_processed_log_v2
       + procedure: check_priority
       + procedure: compile_stats_for_date
       + procedure: find_recording_by_date
       + procedure: find_recordings
       + procedure: get_file_from_callid
       + procedure: get_file_from_id
       + procedure: pull_servers
       + procedure: pull_stats_by_period
       + procedure: report_cycle
     ✅ 009-procedures.sql (11 procedures)
  ✅ Schema recordings done

  → Schema: public
     roles:365 users:332 tables:0 views:2 indexes:0 functions:3 procedures:0
     ✅ 003-schema.sql
       + view: pg_stat_statements
       + view: pg_stat_statements_info
     ✅ 006-views.sql (2 views)
       + function: pg_stat_statements
       + function: pg_stat_statements_info
       + function: pg_stat_statements_reset
     ✅ 008-functions.sql (3 functions)
  ✅ Schema public done
       + extension: pg_stat_statements (schema: public)
     ✅ extensions.sql (1 extensions)

  Running changelog-sync for recordings_manager...
./Migrate_prod_to_repo.sh: line 1511: liquibase: command not found
  ✅ recordings_manager done!

──────────────────────────────────────────
 Processing: references
──────────────────────────────────────────
  Schema: public (tables:1 views:2)

  → Schema: public
     roles:365 users:332 tables:1 views:2 indexes:2 functions:4 procedures:0
     ✅ 001-roles.sql (365 roles)
     ✅ 002-users.sql (332 users)
     ✅ 003-schema.sql
     ✅ 004-sequences.sql (1 sequences)
       + table: std_ref
     ✅ 005-tables.sql (1 tables)
     ✅ Table grants: 3 statements copied
       + view: pg_stat_statements
       + view: pg_stat_statements_info
     ✅ 006-views.sql (2 views)
     ✅ 007-indexes.sql (2 indexes)
       + function: get_ref
       + function: pg_stat_statements
       + function: pg_stat_statements_info
       + function: pg_stat_statements_reset
     ✅ 008-functions.sql (4 functions)
  ✅ Schema public done
       + extension: pg_stat_statements (schema: public)
     ✅ extensions.sql (1 extensions)

  Running changelog-sync for references...
./Migrate_prod_to_repo.sh: line 1511: liquibase: command not found
  ✅ references done!

──────────────────────────────────────────
 Processing: registry
──────────────────────────────────────────
  Schema: public (tables:48 views:2)

  → Schema: public
     roles:365 users:332 tables:48 views:2 indexes:67 functions:4 procedures:0
     ✅ 001-roles.sql (365 roles)
     ✅ 002-users.sql (332 users)
     ✅ 003-schema.sql
     ✅ 004-sequences.sql (46 sequences)
       + table: access
       + table: alembic_version
       + table: artifact
       + table: artifact_accessory
       + table: artifact_blob
       + table: artifact_reference
       + table: artifact_trash
       + table: audit_log
       + table: blob
       + table: cve_allowlist
       + table: data_migrations
       + table: execution
       + table: harbor_label
       + table: harbor_user
       + table: immutable_tag_rule
       + table: job_log
       + table: job_queue_status
       + table: label_reference
       + table: notification_policy
       + table: oidc_user
       + table: p2p_preheat_instance
       + table: p2p_preheat_policy
       + table: permission_policy
       + table: project
       + table: project_blob
       + table: project_member
       + table: project_metadata
       + table: properties
       + table: quota
       + table: quota_usage
       + table: registry
       + table: replication_policy
       + table: report_vulnerability_record
       + table: repository
       + table: retention_policy
       + table: robot
       + table: role
       + table: role_permission
       + table: sbom_report
       + table: scan_report
       + table: scanner_registration
       + table: schedule
       + table: schema_migrations
       + table: system_artifact
       + table: tag
       + table: task
       + table: user_group
       + table: vulnerability_record
     ✅ 005-tables.sql (48 tables)
     ✅ Table grants: 52 statements copied
       + view: pg_stat_statements
       + view: pg_stat_statements_info
     ✅ 006-views.sql (2 views)
     ✅ 007-indexes.sql (67 indexes)
       + function: pg_stat_statements
       + function: pg_stat_statements_info
       + function: pg_stat_statements_reset
       + function: update_update_time_at_column
     ✅ 008-functions.sql (4 functions)
       + trigger: harbor_label_update_time_at_modtime on harbor_label
       + trigger: harbor_user_update_time_at_modtime on harbor_user
       + trigger: oidc_user_update_time_at_modtime on oidc_user
       + trigger: project_update_time_at_modtime on project
       + trigger: project_member_update_time_at_modtime on project_member
       + trigger: project_metadata_update_time_at_modtime on project_metadata
       + trigger: replication_policy_update_time_at_modtime on replication_policy
       + trigger: repository_update_time_at_modtime on repository
       + trigger: robot_update_time_at_modtime on robot
       + trigger: user_group_update_time_at_modtime on user_group
     ✅ 010-triggers.sql (10 triggers)
  ✅ Schema public done
       + extension: pg_stat_statements (schema: public)
     ✅ extensions.sql (1 extensions)

  Running changelog-sync for registry...
./Migrate_prod_to_repo.sh: line 1511: liquibase: command not found
  ✅ registry done!

──────────────────────────────────────────
 Processing: registry_ifl
──────────────────────────────────────────
  Schema: public (tables:48 views:2)

  → Schema: public
     roles:365 users:332 tables:48 views:2 indexes:67 functions:4 procedures:0
     ✅ 001-roles.sql (365 roles)
     ✅ 002-users.sql (332 users)
     ✅ 003-schema.sql
     ✅ 004-sequences.sql (46 sequences)
       + table: access
       + table: alembic_version
       + table: artifact
       + table: artifact_accessory
       + table: artifact_blob
       + table: artifact_reference
       + table: artifact_trash
       + table: audit_log
       + table: blob
       + table: cve_allowlist
       + table: data_migrations
       + table: execution
       + table: harbor_label
       + table: harbor_user
       + table: immutable_tag_rule
       + table: job_log
       + table: job_queue_status
       + table: label_reference
       + table: notification_policy
       + table: oidc_user
       + table: p2p_preheat_instance
       + table: p2p_preheat_policy
       + table: permission_policy
       + table: project
       + table: project_blob
       + table: project_member
       + table: project_metadata
       + table: properties
       + table: quota
       + table: quota_usage
       + table: registry
       + table: replication_policy
       + table: report_vulnerability_record
       + table: repository
       + table: retention_policy
       + table: robot
       + table: role
       + table: role_permission
       + table: sbom_report
       + table: scan_report
       + table: scanner_registration
       + table: schedule
       + table: schema_migrations
       + table: system_artifact
       + table: tag
       + table: task
       + table: user_group
       + table: vulnerability_record
     ✅ 005-tables.sql (48 tables)
     ✅ Table grants: 50 statements copied
       + view: pg_stat_statements
       + view: pg_stat_statements_info
     ✅ 006-views.sql (2 views)
     ✅ 007-indexes.sql (67 indexes)
       + function: pg_stat_statements
       + function: pg_stat_statements_info
       + function: pg_stat_statements_reset
       + function: update_update_time_at_column
     ✅ 008-functions.sql (4 functions)
       + trigger: harbor_label_update_time_at_modtime on harbor_label
       + trigger: harbor_user_update_time_at_modtime on harbor_user
       + trigger: oidc_user_update_time_at_modtime on oidc_user
       + trigger: project_update_time_at_modtime on project
       + trigger: project_member_update_time_at_modtime on project_member
       + trigger: project_metadata_update_time_at_modtime on project_metadata
       + trigger: replication_policy_update_time_at_modtime on replication_policy
       + trigger: repository_update_time_at_modtime on repository
       + trigger: robot_update_time_at_modtime on robot
       + trigger: user_group_update_time_at_modtime on user_group
     ✅ 010-triggers.sql (10 triggers)
  ✅ Schema public done
       + extension: pg_stat_statements (schema: public)
     ✅ extensions.sql (1 extensions)

  Running changelog-sync for registry_ifl...
./Migrate_prod_to_repo.sh: line 1511: liquibase: command not found
  ✅ registry_ifl done!

──────────────────────────────────────────
 Processing: single_telephony
──────────────────────────────────────────
  Schema: asterisk (tables:12 views:0)
  Schema: caams (tables:7 views:0)
  Schema: public (tables:0 views:2)

  → Schema: asterisk
     roles:365 users:332 tables:12 views:0 indexes:11 functions:0 procedures:1
     ✅ 001-roles.sql (365 roles)
     ✅ 002-users.sql (332 users)
     ✅ 003-schema.sql
     ✅ 004-sequences.sql (7 sequences)
       + table: channel_records
       + table: extensions
       + table: paused_websites
       + table: queues
       + table: relay_sites
       + table: skill_group
       + table: skills
       + table: table_name
       + table: telephony
       + table: user_queues
       + table: users
       + table: wallboard
     ✅ 005-tables.sql (12 tables)
     ✅ Table grants: 46 statements copied
     ✅ 007-indexes.sql (11 indexes)
       + procedure: get_user_list
     ✅ 009-procedures.sql (1 procedures)
  ✅ Schema asterisk done

  → Schema: caams
     roles:365 users:332 tables:7 views:0 indexes:2 functions:0 procedures:0
     ✅ 003-schema.sql
     ✅ 004-sequences.sql (5 sequences)
       + table: callback_action_logs
       + table: callbacks
       + table: client_properties
       + table: clients
       + table: discovery_config
       + table: mitel_extensions
       + table: whitelist
     ✅ 005-tables.sql (7 tables)
     ✅ Table grants: 37 statements copied
     ✅ 007-indexes.sql (2 indexes)
  ✅ Schema caams done

  → Schema: public
     roles:365 users:332 tables:0 views:2 indexes:0 functions:3 procedures:0
     ✅ 003-schema.sql
     ✅ 004-sequences.sql (1 sequences)
       + view: pg_stat_statements
       + view: pg_stat_statements_info
     ✅ 006-views.sql (2 views)
       + function: pg_stat_statements
       + function: pg_stat_statements_info
       + function: pg_stat_statements_reset
     ✅ 008-functions.sql (3 functions)
  ✅ Schema public done
       + extension: pg_stat_statements (schema: public)
     ✅ extensions.sql (1 extensions)

  Running changelog-sync for single_telephony...
./Migrate_prod_to_repo.sh: line 1511: liquibase: command not found
  ✅ single_telephony done!

──────────────────────────────────────────
 Processing: switchboard
──────────────────────────────────────────
  Schema: public (tables:22 views:8)

  → Schema: public
     roles:365 users:332 tables:22 views:8 indexes:43 functions:4 procedures:0
     ✅ 001-roles.sql (365 roles)
     ✅ 002-users.sql (332 users)
     ✅ 003-schema.sql
     ✅ 004-sequences.sql (16 sequences)
       + table: addr
       + table: change_history
       + table: contact_info
       + table: contacts
       + table: countries
       + table: dept
       + table: members
       + table: members_to_person
       + table: members_to_properties
       + table: members_to_users
       + table: news
       + table: person
       + table: person_to_addr
       + table: person_to_users
       + table: properties
       + table: properties_dept
       + table: regions
       + table: roles
       + table: sessions
       + table: user_history
       + table: users
       + table: users_to_roles
     ✅ 005-tables.sql (22 tables)
     ✅ Table grants: 30 statements copied
       + view: pg_stat_statements
       + view: pg_stat_statements_info
       + view: vw_active_depts
       + view: vw_depts
       + view: vw_people
       + view: vw_properties
       + view: vw_properties_depts
       + view: vw_properties_v2
     ✅ 006-views.sql (8 views)
     ✅ 007-indexes.sql (43 indexes)
       + function: delete_member_info
       + function: pg_stat_statements
       + function: pg_stat_statements_info
       + function: pg_stat_statements_reset
     ✅ 008-functions.sql (4 functions)
  ✅ Schema public done
       + extension: pg_stat_statements (schema: public)
     ✅ extensions.sql (1 extensions)

  Running changelog-sync for switchboard...
./Migrate_prod_to_repo.sh: line 1511: liquibase: command not found
  ✅ switchboard done!

──────────────────────────────────────────
 Processing: test
──────────────────────────────────────────
  Schema: public (tables:10 views:2)

  → Schema: public
     roles:365 users:332 tables:10 views:2 indexes:1 functions:3 procedures:0
     ✅ 001-roles.sql (365 roles)
     ✅ 002-users.sql (332 users)
     ✅ 003-schema.sql
     ✅ 004-sequences.sql (4 sequences)
       + table: aq_msg_dump
       + table: clidata
       + table: pgbench_accounts
       + table: pgbench_branches
       + table: pgbench_history
       + table: pgbench_tellers
       + table: table_counts_jk
       + table: table_names
       + table: temp
       + table: tester
     ✅ 005-tables.sql (10 tables)
     ✅ Table grants: 12 statements copied
       + view: pg_stat_statements
       + view: pg_stat_statements_info
     ✅ 006-views.sql (2 views)
     ✅ 007-indexes.sql (1 indexes)
       + function: pg_stat_statements
       + function: pg_stat_statements_info
       + function: pg_stat_statements_reset
     ✅ 008-functions.sql (3 functions)
  ✅ Schema public done
       + extension: pg_stat_statements (schema: public)
     ✅ extensions.sql (1 extensions)

  Running changelog-sync for test...
./Migrate_prod_to_repo.sh: line 1511: liquibase: command not found
  ✅ test done!

──────────────────────────────────────────
 Processing: test-billing
──────────────────────────────────────────
  Schema: public (tables:0 views:2)

  → Schema: public
     roles:365 users:332 tables:0 views:2 indexes:0 functions:3 procedures:0
     ✅ 001-roles.sql (365 roles)
     ✅ 002-users.sql (332 users)
     ✅ 003-schema.sql
       + view: pg_stat_statements
       + view: pg_stat_statements_info
     ✅ 006-views.sql (2 views)
       + function: pg_stat_statements
       + function: pg_stat_statements_info
       + function: pg_stat_statements_reset
     ✅ 008-functions.sql (3 functions)
  ✅ Schema public done
       + extension: pg_stat_statements (schema: public)
     ✅ extensions.sql (1 extensions)

  Running changelog-sync for test-billing...
./Migrate_prod_to_repo.sh: line 1511: liquibase: command not found
  ✅ test-billing done!

──────────────────────────────────────────
 Processing: test-sagepay
──────────────────────────────────────────
  Schema: public (tables:1 views:2)

  → Schema: public
     roles:365 users:332 tables:1 views:2 indexes:3 functions:3 procedures:0
     ✅ 001-roles.sql (365 roles)
     ✅ 002-users.sql (332 users)
     ✅ 003-schema.sql
     ✅ 004-sequences.sql (1 sequences)
       + table: transaction
     ✅ 005-tables.sql (1 tables)
     ✅ Table grants: 3 statements copied
       + view: pg_stat_statements
       + view: pg_stat_statements_info
     ✅ 006-views.sql (2 views)
     ✅ 007-indexes.sql (3 indexes)
       + function: pg_stat_statements
       + function: pg_stat_statements_info
       + function: pg_stat_statements_reset
     ✅ 008-functions.sql (3 functions)
  ✅ Schema public done
       + extension: pg_stat_statements (schema: public)
     ✅ extensions.sql (1 extensions)

  Running changelog-sync for test-sagepay...
./Migrate_prod_to_repo.sh: line 1511: liquibase: command not found
  ✅ test-sagepay done!

──────────────────────────────────────────
 Processing: tts_db
──────────────────────────────────────────
  Schema: tts (tables:1 views:0)

  → Schema: tts
     roles:365 users:332 tables:1 views:0 indexes:0 functions:0 procedures:0
     ✅ 001-roles.sql (365 roles)
     ✅ 002-users.sql (332 users)
     ✅ 003-schema.sql
     ✅ 004-sequences.sql (1 sequences)
       + table: voices
     ✅ 005-tables.sql (1 tables)
     ✅ Table grants: 1 statements copied
  ✅ Schema tts done

  Running changelog-sync for tts_db...
./Migrate_prod_to_repo.sh: line 1511: liquibase: command not found
  ✅ tts_db done!

──────────────────────────────────────────
 Processing: users
──────────────────────────────────────────
  Schema: public (tables:6 views:3)

  → Schema: public
     roles:365 users:332 tables:6 views:3 indexes:8 functions:3 procedures:0
     ✅ 001-roles.sql (365 roles)
     ✅ 002-users.sql (332 users)
     ✅ 003-schema.sql
       + sequence: news_news_id_seq
       + sequence: roles_roles_id_seq
       + sequence: users_history_users_history_id_seq
       + sequence: users_users_id_seq
     ✅ 004-sequences.sql (4 sequences)
       + table: news
       + table: roles
       + table: sessions
       + table: users
       + table: users_history
       + table: users_to_roles
     ✅ 005-tables.sql (6 tables)
     ✅ Table grants: 9 statements copied
       + view: pg_stat_statements
       + view: pg_stat_statements_info
       + view: vw_user_roles
     ✅ 006-views.sql (3 views)
     ✅ 007-indexes.sql (8 indexes)
       + function: pg_stat_statements
       + function: pg_stat_statements_info
       + function: pg_stat_statements_reset
     ✅ 008-functions.sql (3 functions)
  ✅ Schema public done
       + extension: pg_stat_statements (schema: public)
     ✅ extensions.sql (1 extensions)

  Running changelog-sync for users...
./Migrate_prod_to_repo.sh: line 1511: liquibase: command not found
  ✅ users done!

──────────────────────────────────────────
 Processing: virtualoffice
──────────────────────────────────────────
  Schema: api (tables:57 views:17)
  Schema: asterisk (tables:6 views:2)
  Schema: ave (tables:28 views:1)
  Schema: callback (tables:1 views:0)
  Schema: calllogic (tables:5 views:2)
  Schema: champs (tables:3 views:1)
  Schema: etop (tables:6 views:0)
  Schema: feedback (tables:13 views:0)
  Schema: geodata (tables:2 views:0)
  Schema: logger (tables:40 views:33)
  Schema: logger_ifl (tables:3 views:0)
  Schema: messaging (tables:6 views:0)
  Schema: mitel (tables:4 views:0)
  Schema: paxton (tables:1 views:0)
  Schema: quicksight (tables:2 views:0)
  Schema: quicksight_clients (tables:4 views:0)
  Schema: reporting (tables:0 views:1)
  Schema: router (tables:10 views:0)
  Schema: signup (tables:3 views:0)
  Schema: smdr (tables:1 views:0)
  Schema: staging_router (tables:8 views:2)
  Schema: wallboard (tables:3 views:0)
  Schema: wallboard2 (tables:3 views:0)
  Schema: public (tables:10 views:15)

  → Schema: api
     roles:365 users:332 tables:57 views:17 indexes:134 functions:8 procedures:0
     ✅ 001-roles.sql (365 roles)
     ✅ 002-users.sql (332 users)
     ✅ 003-schema.sql
       + sequence: caller_id_seq
     ✅ 004-sequences.sql (9 sequences)
       + table: activities
       + table: address_options
       + table: addresses
       + table: area_codes
       + table: audit_log
       + table: availabilities
       + table: bankholiday
       + table: broadcasts
       + table: call_attributes
       + table: call_tags
       + table: caller_id
       + table: calls
       + table: communications
       + table: companies
       + table: content
       + table: content_groups
       + table: countries
       + table: dbix_class_deploymenthandler_versions
       + table: feedback
       + table: forgot_details
       + table: global_user_roles
       + table: global_users
       + table: greetings
       + table: labels
       + table: locations
       + table: logs
       + table: message_contents
       + table: message_contents_archive
       + table: message_contents_pending
       + table: message_contents_pending_archive
       + table: message_deletion_audit_logs
       + table: messages
       + table: messages_archive
       + table: messages_have_labels
       + table: msg_fix
       + table: notes
       + table: notifications
       + table: numbers
       + table: operational_times
       + table: people
       + table: people_have_addresses
       + table: reserved
       + table: roles
       + table: rota_options
       + table: rota_types
       + table: rotas
       + table: statistics
       + table: tmp_calllog
       + table: tokens
       + table: trial_numbers
       + table: trials
       + table: user_history
       + table: user_roles
       + table: users
       + table: vip_tags
       + table: vips
       + table: vips_have_vip_tags
     ✅ 005-tables.sql (57 tables)
     ✅ Table grants: 1649 statements copied
       + view: cogno_full_list
       + view: vw_area_codes
       + view: vw_companies_email_contacts_active
       + view: vw_company_summary_by_business_type
       + view: vw_company_to_ddi
       + view: vw_company_to_ddi_attr
       + view: vw_company_to_ddi_attributes
       + view: vw_ddi_attributes
       + view: vw_ddi_info
       + view: vw_ddi_info_router
       + view: vw_ddi_info_test
       + view: vw_get_partial_postcodes
       + view: vw_live_accounts_detailed
       + view: vw_live_vo_accounts
       + view: vw_notes
       + view: vw_rotas
       + view: vw_rotas_people
     ✅ 006-views.sql (17 views)
     ✅ 007-indexes.sql (134 indexes)
       + function: addresses_generate_tsvector
       + function: log_to_audit_log
       + function: messages_generate_tsvector
       + function: min_wrap_by_ddi
       + function: notify_listener
       + function: people_generate_tsvector
       + function: users_update_meta
       + function: vips_generate_tsvector
     ✅ 008-functions.sql (8 functions)
       + trigger: trigger_activities_audit on activities
       + trigger: trigger_address_options_audit on address_options
       + trigger: trigger_addresses_audit on addresses
       + trigger: trigger_addresses_before on addresses
       + trigger: trigger_availabilities_audit on availabilities
       + trigger: trigger_availabilities_notify on availabilities
       + trigger: trigger_notes_audit on broadcasts
       + trigger: trigger_call_tags_audit on call_tags
       + trigger: trigger_calls_notify on calls
       + trigger: trigger_communications_audit on communications
       + trigger: trigger_companies_audit on companies
       + trigger: trigger_companies_notify on companies
       + trigger: trigger_content_audit on content
       + trigger: trigger_content_groups_audit on content_groups
       + trigger: trigger_feedback_audit on feedback
       + trigger: trigger_forgot_details_audit on forgot_details
       + trigger: trigger_global_users_audit on global_users
       + trigger: trigger_greetings_audit on greetings
       + trigger: trigger_message_contents_audit on message_contents
       + trigger: trigger_message_contents_before on message_contents
       + trigger: trigger_message_contents_notify on message_contents
       + trigger: trigger_messages_audit on messages
       + trigger: trigger_notes_audit on notes
       + trigger: trigger_notes_notify on notes
       + trigger: trigger_notifications_audit on notifications
       + trigger: trigger_numbers_audit on numbers
       + trigger: trigger_operational_times_audit on operational_times
       + trigger: trigger_operational_times_notify on operational_times
       + trigger: trigger_people_audit on people
       + trigger: trigger_people_before on people
       + trigger: trigger_people_notify on people
       + trigger: trigger_roles_audit on roles
       + trigger: trigger_rota_options_audit on rota_options
       + trigger: trigger_rotas_audit on rotas
       + trigger: trigger_tokens_audit on tokens
       + trigger: trigger_trials_audit on trials
       + trigger: trigger_user_roles_audit on user_roles
       + trigger: trigger_users_after on users
       + trigger: trigger_users_audit on users
       + trigger: trigger_users_notify on users
       + trigger: trigger_vip_tags_audit on vip_tags
       + trigger: trigger_vips_audit on vips
       + trigger: trigger_vips_before on vips
     ✅ 010-triggers.sql (56 triggers)
  ✅ Schema api done

  → Schema: asterisk
     roles:365 users:332 tables:6 views:2 indexes:0 functions:0 procedures:0
     ✅ 003-schema.sql
       + sequence: ivr_option_seq
     ✅ 004-sequences.sql (1 sequences)
       + table: call_queueing
       + table: calls
       + table: eqs_accounts
       + table: ivr_option
       + table: language
       + table: sites
     ✅ 005-tables.sql (6 tables)
     ✅ Table grants: 121 statements copied
       + view: vw_call_stats
       + view: vw_eqs_accounts
     ✅ 006-views.sql (2 views)
  ✅ Schema asterisk done

  → Schema: ave
     roles:365 users:332 tables:28 views:1 indexes:50 functions:6 procedures:27
     ✅ 003-schema.sql
       + table: ave_datasource
       + table: ave_language
       + table: ave_models
       + table: ave_outcome_status
       + table: ave_scripts
       + table: ave_step_category
       + table: ave_step_types
       + table: mindflow_model
       + table: mindflow_parallel_operation
       + table: mindflow_script
       + table: mindflow_script_status
       + table: pbx_audiosocket_endpoint
       + table: pbx_ave_ivrlanguage
       + table: pbx_ave_ivrmenu
       + table: pbx_ave_request
       + table: pbx_communication
       + table: pbx_communication_type
       + table: pbx_context
       + table: pbx_log_type
       + table: pbx_request_status
       + table: pbx_request_type
       + table: pbx_scriptrunner_endpoint
       + table: qa_category
       + table: qa_question
       + table: qa_questionnaire_detail
       + table: qa_questionnaire_header
       + table: tsc_request
       + table: tsc_request_status
     ✅ 005-tables.sql (28 tables)
     ✅ Table grants: 464 statements copied
       + view: vw_ave_catalogs
     ✅ 006-views.sql (1 views)
     ✅ 007-indexes.sql (50 indexes)
       + function: getivrmenufromddi
       + function: getivrmenufromddiunified
       + function: getquestionnairebyid
       + function: logaverequests
     ✅ 008-functions.sql (6 functions)
       + procedure: addsmartdynamicscript
       + procedure: checktsqueue
       + procedure: filtertscrequest
       + procedure: findscriptbyuuid
       + procedure: getcontextbyddiandname
       + procedure: getivrmenuforagiscript
       + procedure: getqacatalogs
       + procedure: getqaresult
       + procedure: getquesrionnaireheader
       + procedure: getsmartdynamicscript
       + procedure: gettscrequest
       + procedure: listtscrequest
       + procedure: logavenewrequest
       + procedure: logtscrequest
       + procedure: pullactivedatasources
       + procedure: pullactivemodels
       + procedure: pullactivescriptrunnerendpoints
       + procedure: pullactivesteptypes
       + procedure: pullnexttsinqueue
       + procedure: updateaverequest
       + procedure: updatetscqaresult
       + procedure: updatetscrequest
       + procedure: updatetscstatus
     ✅ 009-procedures.sql (27 procedures)
  ✅ Schema ave done

  → Schema: callback
     roles:365 users:332 tables:1 views:0 indexes:1 functions:0 procedures:0
     ✅ 003-schema.sql
       + sequence: schedule_seq
     ✅ 004-sequences.sql (1 sequences)
       + table: schedule
     ✅ 005-tables.sql (1 tables)
     ✅ Table grants: 15 statements copied
     ✅ 007-indexes.sql (1 indexes)
  ✅ Schema callback done

  → Schema: calllogic
     roles:365 users:332 tables:5 views:2 indexes:3 functions:3 procedures:0
     ✅ 003-schema.sql
       + table: adr
       + table: adrsegment
       + table: cdr
       + table: cdrsegment
       + table: tmp_mitel
     ✅ 005-tables.sql (5 tables)
     ✅ Table grants: 120 statements copied
       + view: vw_call_summary_stats
       + view: vw_cdr_adr_combined
     ✅ 006-views.sql (2 views)
     ✅ 007-indexes.sql (3 indexes)
       + function: _navicat_temp_stored_proc
       + function: get_call_summary
       + function: mi_stats
     ✅ 008-functions.sql (3 functions)
  ✅ Schema calllogic done

  → Schema: champs
     roles:365 users:332 tables:3 views:1 indexes:6 functions:1 procedures:1
     ✅ 003-schema.sql
       + sequence: message_seq
       + sequence: pop_history_seq
       + sequence: secrets_seq
     ✅ 004-sequences.sql (3 sequences)
       + table: message
       + table: pop_history
       + table: secrets
     ✅ 005-tables.sql (3 tables)
     ✅ Table grants: 70 statements copied
       + view: vw_message_summary
     ✅ 006-views.sql (1 views)
     ✅ 007-indexes.sql (6 indexes)
       + function: isdateinrange
     ✅ 008-functions.sql (1 functions)
       + procedure: get_call_data
     ✅ 009-procedures.sql (1 procedures)
  ✅ Schema champs done

  → Schema: etop
     roles:365 users:332 tables:6 views:0 indexes:10 functions:0 procedures:0
     ✅ 003-schema.sql
       + enum: accounts_account_status
     ✅ 004-types.sql (1 enums)
     ✅ 004-sequences.sql (5 sequences)
       + table: accounts
       + table: emails
       + table: groups
       + table: jobs
       + table: migrations
       + table: users
     ✅ 005-tables.sql (6 tables)
     ✅ Table grants: 96 statements copied
     ✅ 007-indexes.sql (10 indexes)
  ✅ Schema etop done

  → Schema: feedback
     roles:365 users:332 tables:13 views:0 indexes:10 functions:0 procedures:0
     ✅ 003-schema.sql
       + sequence: authority_seq
       + sequence: brand_seq
       + sequence: category_seq
       + sequence: comment_seq
       + sequence: department_seq
       + sequence: feedback_seq
       + sequence: feedback_type_seq
       + sequence: fragment_seq
       + sequence: fragment_type_seq
       + sequence: status_seq
       + sequence: team_seq
       + sequence: users_seq
     ✅ 004-sequences.sql (12 sequences)
       + table: authority
       + table: brand
       + table: category
       + table: comment
       + table: department
       + table: feedback
       + table: feedback_type
       + table: fragment
       + table: fragment_type
       + table: status
       + table: team
       + table: user_authority
       + table: users
     ✅ 005-tables.sql (13 tables)
     ✅ Table grants: 211 statements copied
     ✅ 007-indexes.sql (10 indexes)
  ✅ Schema feedback done

  → Schema: geodata
     roles:365 users:332 tables:2 views:0 indexes:1 functions:0 procedures:0
     ✅ 003-schema.sql
       + sequence: location_seq
       + sequence: postcode_seq
     ✅ 004-sequences.sql (2 sequences)
       + table: location
       + table: postcode
     ✅ 005-tables.sql (2 tables)
     ✅ Table grants: 30 statements copied
     ✅ 007-indexes.sql (1 indexes)
  ✅ Schema geodata done

  → Schema: logger
     roles:365 users:332 tables:40 views:33 indexes:40 functions:11 procedures:1
     ✅ 003-schema.sql
       + sequence: agent_activity_seq
       + sequence: agent_assistance_seq
       + sequence: agent_call_detail_seq
       + sequence: agent_call_seq
       + sequence: agent_status_seq
       + sequence: app_activity_seq
       + sequence: call_detail_seq
       + sequence: callback_sequence
       + sequence: callcare_tariffs_seq
       + sequence: cdr_sequence
       + sequence: dcdr_id_seq
       + sequence: ivr_results_ivr_results_id_seq
       + sequence: message_seq
       + sequence: messagedata_sequence
       + sequence: mitel_cdr_id_seq
       + sequence: segment_seq
     ✅ 004-sequences.sql (20 sequences)
       + table: agent_activity
       + table: agent_assistance
       + table: agent_call
       + table: agent_call_detail
       + table: agent_session
       + table: agent_status
       + table: agent_update_audit
       + table: app_activity
       + table: call_detail
       + table: callcare_tariffs
       + table: calls_23032020
       + table: cdr
       + table: cdr_feedback
       + table: cdr_jksave
       + table: cdr_messages
       + table: cdr_segments
       + table: company_categories
       + table: dcdr
       + table: dcdr_agent_call
       + table: dcdr_agent_session
       + table: dcdr_agent_status
       + table: dcdr_callback
       + table: dcdr_feedback
       + table: dcdr_jksave
       + table: dupe_agent_callids
       + table: dupe_cdrs
       + table: dupe_cdrs_callids
       + table: dupe_dcdrs
       + table: dupe_msg_ids
       + table: exclude_extensions
       + table: ivr_callback
       + table: ivr_results
       + table: message_data
       + table: mitel_cdr
       + table: temp_basicOnePage
       + table: temp_callidcsv
       + table: temp_firstrungon
       + table: temp_fro
       + table: temp_tcp_accounts
       + table: voip_230320
     ✅ 005-tables.sql (40 tables)
     ✅ Table grants: 1197 statements copied
       + view: vw_agent_stats_60days
       + view: vw_agent_stats_60days_dcdr
       + view: vw_agent_stats_daily_icxp
       + view: vw_agent_status_dcdr_icxp
       + view: vw_agent_status_merged_icxp
       + view: vw_call_summary_stats
       + view: vw_cdr_28day
       + view: vw_cdr_billing
       + view: vw_cdr_icx_only
       + view: vw_cdr_icxp_lost_today
       + view: vw_cdr_timezone_uk
       + view: vw_cdr_today
       + view: vw_cdr_today_date
       + view: vw_cdr_today_icx_only
       + view: vw_cdr_today_old
       + view: vw_cdr_today_old20241223_dnu
       + view: vw_cdr_with_msg_vars
       + view: vw_cdr_with_talktime
       + view: vw_company_talk_time_2025
       + view: vw_company_talk_time_yesterday
       + view: vw_concurrent_calls_per30mins
       + view: vw_daily_call_stats_inb
       + view: vw_dcdr_gw1_check
       + view: vw_dcdr_icxp
       + view: vw_dcdr_recent
       + view: vw_dupe_cdrs
       + view: vw_dupe_dcdrs
       + view: vw_fdw_message_all
       + view: vw_hourly_call_stats
       + view: vw_icxp_agentname_extension_bydate
       + view: vw_jamiejacobslimited
       + view: vw_loggercdr
       + view: vw_test_call_logs
     ✅ 006-views.sql (33 views)
     ✅ 007-indexes.sql (40 indexes)
       + function: avg_duration_by_ddi(v_ddi text)
       + function: avg_duration_by_ddi(v_ddi text)(v_ddi text)
       + function: duration_stats
       + function: get_call_summary
       + function: get_call_summary2
       + function: get_cdr_match_for_message
       + function: get_session_stats
       + function: getrecordfilepath
       + function: mi_stats
       + function: min_wrap_by_ddi
     ✅ 008-functions.sql (11 functions)
       + procedure: linkrmwithlogger
     ✅ 009-procedures.sql (1 procedures)
       + matview: fdw_message_all
       + matview: fdw_message.uuid,
       + matview: fdw_message.handler,
       + matview: fdw_message.queue_id,
       + matview: fdw_message.flags,
       + matview: fdw_message.message_owner,
       + matview: fdw_message.message_ref,
       + matview: fdw_message.message_type,
       + matview: fdw_message.mfrom,
       + matview: fdw_message.mcompany,
       + matview: fdw_message.mto,
       + matview: fdw_message.mbody,
       + matview: fdw_message.mbodyvars,
       + matview: fdw_message.mpriority,
       + matview: fdw_message.mstate,
       + matview: fdw_message.tag,
       + matview: fdw_message.star,
       + matview: fdw_message.attempts,
       + matview: fdw_message.pending,
       + matview: fdw_message.status,
       + matview: fdw_message.reminder,
       + matview: fdw_message.reminder_email,
       + matview: fdw_message.added,
       + matview: fdw_message.added_by,
       + matview: fdw_message.sendat,
       + matview: fdw_message.sentat,
       + matview: fdw_message.lastmodified,
       + matview: fdw_message.mbodyjson,
       + matview: fdw_message.msubject
       + matview: FROM logger.fdw_message
       + matview: WHERE (fdw_message.added > (now() - 360 days::interval))
       + matview: UNION ALL
       + matview: SELECT fdw_message2.message_id,
       + matview: fdw_message2.uuid,
       + matview: fdw_message2.handler,
       + matview: fdw_message2.queue_id,
       + matview: fdw_message2.flags,
       + matview: fdw_message2.message_owner,
       + matview: fdw_message2.message_ref,
       + matview: fdw_message2.message_type,
       + matview: fdw_message2.mfrom,
       + matview: fdw_message2.mcompany,
       + matview: fdw_message2.mto,
       + matview: fdw_message2.mbody,
       + matview: fdw_message2.mbodyvars,
       + matview: fdw_message2.mpriority,
       + matview: fdw_message2.mstate,
       + matview: fdw_message2.tag,
       + matview: fdw_message2.star,
       + matview: fdw_message2.attempts,
       + matview: fdw_message2.pending,
       + matview: fdw_message2.status,
       + matview: fdw_message2.reminder,
       + matview: fdw_message2.reminder_email,
       + matview: fdw_message2.added,
       + matview: fdw_message2.added_by,
       + matview: fdw_message2.sendat,
       + matview: fdw_message2.sentat,
       + matview: fdw_message2.lastmodified,
       + matview: fdw_message2.mbodyjson,
       + matview: fdw_message2.msubject
       + matview: FROM logger.fdw_message2
       + matview: WHERE (fdw_message2.added > (now() - 360 days::interval));
       + matview: fdw_message_all_20250410
       + matview: fdw_message.uuid,
       + matview: fdw_message.handler,
       + matview: fdw_message.queue_id,
       + matview: fdw_message.flags,
       + matview: fdw_message.message_owner,
       + matview: fdw_message.message_ref,
       + matview: fdw_message.message_type,
       + matview: fdw_message.mfrom,
       + matview: fdw_message.mcompany,
       + matview: fdw_message.mto,
       + matview: fdw_message.mbody,
       + matview: fdw_message.mbodyvars,
       + matview: fdw_message.mpriority,
       + matview: fdw_message.mstate,
       + matview: fdw_message.tag,
       + matview: fdw_message.star,
       + matview: fdw_message.attempts,
       + matview: fdw_message.pending,
       + matview: fdw_message.status,
       + matview: fdw_message.reminder,
       + matview: fdw_message.reminder_email,
       + matview: fdw_message.added,
       + matview: fdw_message.added_by,
       + matview: fdw_message.sendat,
       + matview: fdw_message.sentat,
       + matview: fdw_message.lastmodified,
       + matview: fdw_message.mbodyjson,
       + matview: fdw_message.msubject
       + matview: FROM logger.fdw_message
       + matview: WHERE (fdw_message.added > ( SELECT max(fdw_message_all.added) AS max
       + matview: FROM logger.fdw_message_all))
       + matview: UNION ALL
       + matview: SELECT fdw_message2.message_id,
       + matview: fdw_message2.uuid,
       + matview: fdw_message2.handler,
       + matview: fdw_message2.queue_id,
       + matview: fdw_message2.flags,
       + matview: fdw_message2.message_owner,
       + matview: fdw_message2.message_ref,
       + matview: fdw_message2.message_type,
       + matview: fdw_message2.mfrom,
       + matview: fdw_message2.mcompany,
       + matview: fdw_message2.mto,
       + matview: fdw_message2.mbody,
       + matview: fdw_message2.mbodyvars,
       + matview: fdw_message2.mpriority,
       + matview: fdw_message2.mstate,
       + matview: fdw_message2.tag,
       + matview: fdw_message2.star,
       + matview: fdw_message2.attempts,
       + matview: fdw_message2.pending,
       + matview: fdw_message2.status,
       + matview: fdw_message2.reminder,
       + matview: fdw_message2.reminder_email,
       + matview: fdw_message2.added,
       + matview: fdw_message2.added_by,
       + matview: fdw_message2.sendat,
       + matview: fdw_message2.sentat,
       + matview: fdw_message2.lastmodified,
       + matview: fdw_message2.mbodyjson,
       + matview: fdw_message2.msubject
       + matview: FROM logger.fdw_message2
       + matview: WHERE (fdw_message2.added > ( SELECT max(fdw_message_all.added) AS max
       + matview: FROM logger.fdw_message_all));
       + matview: vw_formtimes_last3months
       + matview: c.starttime,
       + matview: c.answertime,
       + matview: c.endtime,
       + matview: c.company,
       + matview: c.agentname,
       + matview: c.duration,
       + matview: c.talktime,
       + matview: c.ddi,
       + matview: c.device,
       + matview: c.direction,
       + matview: c.terminatedby,
       + matview: c.transfertalktime,
       + matview: c.transferstarttime,
       + matview: ft.groupname,
       + matview: ft.form_start,
       + matview: ft.form_end,
       + matview: ft.form_seconds,
       + matview: row_number() OVER (PARTITION BY c.id ORDER BY ft.form_start) AS page
       + matview: FROM (logger.cdr c
       + matview: LEFT JOIN logger.fdw_formtimes ft ON ((((c.accountcode)::character varying)::text = (ft.account_code)::text)))
       + matview: WHERE ((c.starttime > (now() - 2 mons::interval)) AND ((c.direction)::text = Incoming::text))
       + matview: ORDER BY c.id;
     ✅ 011-matviews.sql (3 materialized views)
  ✅ Schema logger done

  → Schema: logger_ifl
     roles:365 users:332 tables:3 views:0 indexes:0 functions:0 procedures:0
     ✅ 003-schema.sql
       + sequence: cdr_sequence
       + sequence: message_seq
       + sequence: segment_seq
     ✅ 004-sequences.sql (3 sequences)
       + table: cdr
       + table: cdr_messages
       + table: cdr_segments
     ✅ 005-tables.sql (3 tables)
     ✅ Table grants: 49 statements copied
  ✅ Schema logger_ifl done

  → Schema: messaging
     roles:365 users:332 tables:6 views:0 indexes:10 functions:0 procedures:2
     ✅ 003-schema.sql
     ✅ 004-sequences.sql (1 sequences)
       + table: app_access
       + table: app_granted_permissions
       + table: data_sms
       + table: registed_apps
       + table: sms_providers
       + table: sms_status
     ✅ 005-tables.sql (6 tables)
     ✅ Table grants: 90 statements copied
     ✅ 007-indexes.sql (10 indexes)
       + procedure: listproviders
       + procedure: pullappdata
     ✅ 009-procedures.sql (2 procedures)
  ✅ Schema messaging done

  → Schema: mitel
     roles:365 users:332 tables:4 views:0 indexes:0 functions:0 procedures:0
     ✅ 003-schema.sql
       + sequence: dnd_status_seq
     ✅ 004-sequences.sql (1 sequences)
       + table: dnd_status
       + table: isdn_to_dahdi
       + table: user_groups
       + table: user_pins
     ✅ 005-tables.sql (4 tables)
     ✅ Table grants: 60 statements copied
  ✅ Schema mitel done

  → Schema: paxton
     roles:365 users:332 tables:1 views:0 indexes:0 functions:0 procedures:0
     ✅ 003-schema.sql
       + table: events
     ✅ 005-tables.sql (1 tables)
     ✅ Table grants: 17 statements copied
  ✅ Schema paxton done

  → Schema: quicksight
     roles:365 users:332 tables:2 views:0 indexes:1 functions:0 procedures:0
     ✅ 003-schema.sql
       + table: dashboard
       + table: iam_credentials
     ✅ 005-tables.sql (2 tables)
     ✅ Table grants: 30 statements copied
     ✅ 007-indexes.sql (1 indexes)
  ✅ Schema quicksight done

  → Schema: quicksight_clients
     roles:365 users:332 tables:4 views:0 indexes:1 functions:0 procedures:0
     ✅ 003-schema.sql
       + sequence: quicksight_authority_seq
       + sequence: quicksight_users_seq
     ✅ 004-sequences.sql (2 sequences)
       + table: authority
       + table: dashboard
       + table: user
       + table: user_authority
     ✅ 005-tables.sql (4 tables)
     ✅ Table grants: 60 statements copied
     ✅ 007-indexes.sql (1 indexes)
  ✅ Schema quicksight_clients done

  → Schema: reporting
     roles:365 users:332 tables:0 views:1 indexes:0 functions:0 procedures:0
     ✅ 003-schema.sql
       + view: call_bounce_journey
     ✅ 006-views.sql (1 views)
  ✅ Schema reporting done

  → Schema: router
     roles:365 users:332 tables:10 views:0 indexes:5 functions:0 procedures:0
     ✅ 003-schema.sql
       + sequence: asterisk_cli_group_seq
       + sequence: destinations_destinations_id_seq
       + sequence: groups_id_seq
       + sequence: isdn_mapping_seq
       + sequence: router_rules_id
       + sequence: rule_seq
       + sequence: wrap_group_seq
     ✅ 004-sequences.sql (7 sequences)
       + table: acd_pin
       + table: asterisk_cli_group
       + table: destinations
       + table: groups
       + table: hunt_group
       + table: isdn_mapping
       + table: rules
       + table: tcp_routes
       + table: translations
       + table: wrap_group
     ✅ 005-tables.sql (10 tables)
     ✅ Table grants: 156 statements copied
     ✅ 007-indexes.sql (5 indexes)
  ✅ Schema router done

  → Schema: signup
     roles:365 users:332 tables:3 views:0 indexes:1 functions:0 procedures:0
     ✅ 003-schema.sql
       + sequence: completed_order_seq
       + sequence: orderid_seq
     ✅ 004-sequences.sql (2 sequences)
       + table: completed_orders
       + table: pending_order
       + table: phone_codes
     ✅ 005-tables.sql (3 tables)
     ✅ Table grants: 45 statements copied
     ✅ 007-indexes.sql (1 indexes)
  ✅ Schema signup done

  → Schema: smdr
     roles:365 users:332 tables:1 views:0 indexes:0 functions:0 procedures:0
     ✅ 003-schema.sql
       + table: calls
     ✅ 005-tables.sql (1 tables)
     ✅ Table grants: 15 statements copied
  ✅ Schema smdr done

  → Schema: staging_router
     roles:365 users:332 tables:8 views:2 indexes:2 functions:0 procedures:0
     ✅ 003-schema.sql
       + sequence: agentgroup_seq
       + sequence: destination_seq
       + sequence: hunt_seq
       + sequence: hunt_state_seq
       + sequence: rule_data_type_seq
       + sequence: rule_seq
       + sequence: translation_seq
     ✅ 004-sequences.sql (7 sequences)
       + table: agent_group
       + table: destination
       + table: hunt_group
       + table: hunt_group_state
       + table: rule
       + table: rule_data_type
       + table: translation
       + table: user_groups
     ✅ 005-tables.sql (8 tables)
     ✅ Table grants: 145 statements copied
       + view: vw_cogno_tiers_exclusion
       + view: vw_users_huntgroups_tiers
     ✅ 006-views.sql (2 views)
     ✅ 007-indexes.sql (2 indexes)
  ✅ Schema staging_router done

  → Schema: wallboard
     roles:365 users:332 tables:3 views:0 indexes:0 functions:0 procedures:0
     ✅ 003-schema.sql
       + sequence: profile_seq
       + sequence: tile_sequence
     ✅ 004-sequences.sql (2 sequences)
       + table: filterparams
       + table: profile
       + table: tiles
     ✅ 005-tables.sql (3 tables)
     ✅ Table grants: 45 statements copied
  ✅ Schema wallboard done

  → Schema: wallboard2
     roles:365 users:332 tables:3 views:0 indexes:0 functions:0 procedures:0
     ✅ 003-schema.sql
       + sequence: profile_seq
     ✅ 004-sequences.sql (3 sequences)
       + table: filterparams
       + table: profile
       + table: tiles
     ✅ 005-tables.sql (3 tables)
     ✅ Table grants: 45 statements copied
  ✅ Schema wallboard2 done

  → Schema: public
     roles:365 users:332 tables:10 views:15 indexes:0 functions:1259 procedures:0
     ✅ 003-schema.sql
       + sequence: adr_seq
       + sequence: adrseg_seq
       + sequence: cdr_seq
       + sequence: cdrseg_seq
       + sequence: groups_id_seq
       + sequence: hibernate_sequence
     ✅ 004-sequences.sql (8 sequences)
       + table: agent_group
       + table: check_monitor
       + table: dcdr_backup_affected_records_20251106
       + table: destination
       + table: postcodes
       + table: repltest
       + table: sessionstats
       + table: spatial_ref_sys
       + table: temp_calls
       + table: user_groups
     ✅ 005-tables.sql (10 tables)
     ✅ Table grants: 236 statements copied
       + view: geography_columns
       + view: geometry_columns
       + view: pg_stat_statements
       + view: pg_stat_statements_info
       + view: pop_history_view
       + view: raster_columns
       + view: raster_overviews
       + view: vw_agentstats_calls_dropped
       + view: vw_caams_usage
       + view: vw_caams_usage_last15mins
       + view: vw_caams_usage_lasthour
       + view: vw_fdw_message_all
       + view: vw_flicked_calls
       + view: vw_icxp_agentstats_calls_dropped
       + view: vw_icxp_agentstats_summary
     ✅ 006-views.sql (15 views)
       + function: __st_countagg_transfn
       + function: _add_overview_constraint
       + function: _add_raster_constraint
       + function: _add_raster_constraint_alignment
       + function: _add_raster_constraint_blocksize
       + function: _add_raster_constraint_coverage_tile
       + function: _add_raster_constraint_extent
       + function: _add_raster_constraint_nodata_values
       + function: _add_raster_constraint_num_bands
       + function: _add_raster_constraint_out_db
       + function: _add_raster_constraint_pixel_types
       + function: _add_raster_constraint_scale
       + function: _add_raster_constraint_spatially_unique
       + function: _add_raster_constraint_srid
       + function: _drop_overview_constraint
       + function: _drop_raster_constraint
       + function: _drop_raster_constraint_alignment
       + function: _drop_raster_constraint_blocksize
       + function: _drop_raster_constraint_coverage_tile
       + function: _drop_raster_constraint_extent
       + function: _drop_raster_constraint_nodata_values
       + function: _drop_raster_constraint_num_bands
       + function: _drop_raster_constraint_out_db
       + function: _drop_raster_constraint_pixel_types
       + function: _drop_raster_constraint_regular_blocking
       + function: _drop_raster_constraint_scale
       + function: _drop_raster_constraint_spatially_unique
       + function: _drop_raster_constraint_srid
       + function: _overview_constraint
       + function: _overview_constraint_info
       + function: _postgis_deprecate
       + function: _postgis_index_extent
       + function: _postgis_join_selectivity
       + function: _postgis_pgsql_version
       + function: _postgis_scripts_pgsql_version
       + function: _postgis_selectivity
       + function: _postgis_stats
       + function: _raster_constraint_info_alignment
       + function: _raster_constraint_info_blocksize
       + function: _raster_constraint_info_coverage_tile
       + function: _raster_constraint_info_extent
       + function: _raster_constraint_info_index
       + function: _raster_constraint_info_nodata_values
       + function: _raster_constraint_info_num_bands
       + function: _raster_constraint_info_out_db
       + function: _raster_constraint_info_pixel_types
       + function: _raster_constraint_info_regular_blocking
       + function: _raster_constraint_info_scale
       + function: _raster_constraint_info_spatially_unique
       + function: _raster_constraint_info_srid
       + function: _raster_constraint_nodata_values
       + function: _raster_constraint_out_db
       + function: _raster_constraint_pixel_types
       + function: _st_3ddfullywithin
       + function: _st_3ddwithin
       + function: _st_3dintersects
       + function: _st_asgml
       + function: _st_aspect4ma
       + function: _st_asraster
       + function: _st_asx3d
       + function: _st_bestsrid
       + function: _st_clip
       + function: _st_colormap
       + function: _st_concavehull
       + function: _st_contains
       + function: _st_containsproperly
       + function: _st_convertarray4ma
       + function: _st_count
       + function: _st_countagg_finalfn
       + function: _st_countagg_transfn
       + function: _st_coveredby
       + function: _st_covers
       + function: _st_crosses
       + function: _st_dfullywithin
       + function: _st_distancetree
       + function: _st_distanceuncached
       + function: _st_dwithin
       + function: _st_dwithinuncached
       + function: _st_equals
       + function: _st_expand
       + function: _st_gdalwarp
       + function: _st_geomfromgml
       + function: _st_grayscale4ma
       + function: _st_hillshade4ma
       + function: _st_histogram
       + function: _st_intersects
       + function: _st_linecrossingdirection
       + function: _st_longestline
       + function: _st_mapalgebra
       + function: _st_maxdistance
       + function: _st_neighborhood
       + function: _st_orderingequals
       + function: _st_overlaps
       + function: _st_pixelascentroids
       + function: _st_pixelaspolygons
       + function: _st_pointoutside
       + function: _st_quantile
       + function: _st_rastertoworldcoord
       + function: _st_reclass
       + function: _st_roughness4ma
       + function: _st_samealignment_finalfn
       + function: _st_samealignment_transfn
       + function: _st_setvalues
       + function: _st_slope4ma
       + function: _st_sortablehash
       + function: _st_summarystats
       + function: _st_summarystats_finalfn
       + function: _st_summarystats_transfn
       + function: _st_tile
       + function: _st_touches
       + function: _st_tpi4ma
       + function: _st_tri4ma
       + function: _st_union_finalfn
       + function: _st_union_transfn
       + function: _st_valuecount
       + function: _st_voronoi
       + function: _st_within
       + function: _st_worldtorastercoord
       + function: _updaterastersrid
       + function: addgeometrycolumn
       + function: addoverviewconstraints
       + function: addrasterconstraints
       + function: agent_stats
       + function: batch_update
       + function: box
       + function: box2d
       + function: box2d_in
       + function: box2d_out
       + function: box2df_in
       + function: box2df_out
       + function: box3d
       + function: box3d_in
       + function: box3d_out
       + function: box3dtobox
       + function: bytea
       + function: cdr_with_outbound_type
       + function: connectby
       + function: contains_2d
       + function: crosstab
       + function: crosstab2
       + function: crosstab3
       + function: crosstab4
       + function: dropgeometrycolumn
       + function: dropgeometrytable
       + function: dropoverviewconstraints
       + function: droprasterconstraints
       + function: equals
       + function: file_fdw_handler
       + function: file_fdw_validator
       + function: find_duplicate_call_groups
       + function: find_location_within_range_by_company
       + function: find_srid
       + function: fix_unknown_with_real_ddis
       + function: geog_brin_inclusion_add_value
       + function: geography
       + function: geography_analyze
       + function: geography_cmp
       + function: geography_distance_knn
       + function: geography_eq
       + function: geography_ge
       + function: geography_gist_compress
       + function: geography_gist_consistent
       + function: geography_gist_decompress
       + function: geography_gist_distance
       + function: geography_gist_penalty
       + function: geography_gist_picksplit
       + function: geography_gist_same
       + function: geography_gist_union
       + function: geography_gt
       + function: geography_in
       + function: geography_le
       + function: geography_lt
       + function: geography_out
       + function: geography_overlaps
       + function: geography_recv
       + function: geography_send
       + function: geography_spgist_choose_nd
       + function: geography_spgist_compress_nd
       + function: geography_spgist_config_nd
       + function: geography_spgist_inner_consistent_nd
       + function: geography_spgist_leaf_consistent_nd
       + function: geography_spgist_picksplit_nd
       + function: geography_typmod_in
       + function: geography_typmod_out
       + function: geom2d_brin_inclusion_add_value
       + function: geom3d_brin_inclusion_add_value
       + function: geom4d_brin_inclusion_add_value
       + function: geometry
       + function: geometry_above
       + function: geometry_analyze
       + function: geometry_below
       + function: geometry_cmp
       + function: geometry_contained_3d
       + function: geometry_contained_by_raster
       + function: geometry_contains
       + function: geometry_contains_3d
       + function: geometry_contains_nd
       + function: geometry_distance_box
       + function: geometry_distance_centroid
       + function: geometry_distance_centroid_nd
       + function: geometry_distance_cpa
       + function: geometry_eq
       + function: geometry_ge
       + function: geometry_gist_compress_2d
       + function: geometry_gist_compress_nd
       + function: geometry_gist_consistent_2d
       + function: geometry_gist_consistent_nd
       + function: geometry_gist_decompress_2d
       + function: geometry_gist_decompress_nd
       + function: geometry_gist_distance_2d
       + function: geometry_gist_distance_nd
       + function: geometry_gist_penalty_2d
       + function: geometry_gist_penalty_nd
       + function: geometry_gist_picksplit_2d
       + function: geometry_gist_picksplit_nd
       + function: geometry_gist_same_2d
       + function: geometry_gist_same_nd
       + function: geometry_gist_sortsupport_2d
       + function: geometry_gist_union_2d
       + function: geometry_gist_union_nd
       + function: geometry_gt
       + function: geometry_hash
       + function: geometry_in
       + function: geometry_le
       + function: geometry_left
       + function: geometry_lt
       + function: geometry_neq
       + function: geometry_out
       + function: geometry_overabove
       + function: geometry_overbelow
       + function: geometry_overlaps
       + function: geometry_overlaps_3d
       + function: geometry_overlaps_nd
       + function: geometry_overleft
       + function: geometry_overright
       + function: geometry_raster_contain
       + function: geometry_raster_overlap
       + function: geometry_recv
       + function: geometry_right
       + function: geometry_same
       + function: geometry_same_3d
       + function: geometry_same_nd
       + function: geometry_send
       + function: geometry_sortsupport
       + function: geometry_spgist_choose_2d
       + function: geometry_spgist_choose_3d
       + function: geometry_spgist_choose_nd
       + function: geometry_spgist_compress_2d
       + function: geometry_spgist_compress_3d
       + function: geometry_spgist_compress_nd
       + function: geometry_spgist_config_2d
       + function: geometry_spgist_config_3d
       + function: geometry_spgist_config_nd
       + function: geometry_spgist_inner_consistent_2d
       + function: geometry_spgist_inner_consistent_3d
       + function: geometry_spgist_inner_consistent_nd
       + function: geometry_spgist_leaf_consistent_2d
       + function: geometry_spgist_leaf_consistent_3d
       + function: geometry_spgist_leaf_consistent_nd
       + function: geometry_spgist_picksplit_2d
       + function: geometry_spgist_picksplit_3d
       + function: geometry_spgist_picksplit_nd
       + function: geometry_typmod_in
       + function: geometry_typmod_out
       + function: geometry_within
       + function: geometry_within_nd
       + function: geometrytype
       + function: geomfromewkb
       + function: geomfromewkt
       + function: get_proj4_from_srid
       + function: gidx_in
       + function: gidx_out
       + function: gserialized_gist_joinsel_2d
       + function: gserialized_gist_joinsel_nd
       + function: gserialized_gist_sel_2d
       + function: gserialized_gist_sel_nd
       + function: is_contained_2d
       + function: isdateinrange
       + function: json
       + function: jsonb
       + function: normal_rand
       + function: overlaps_2d
       + function: overlaps_geog
       + function: overlaps_nd
       + function: path
       + function: pg_stat_statements
       + function: pg_stat_statements_info
       + function: pg_stat_statements_reset
       + function: pgis_asflatgeobuf_finalfn
       + function: pgis_asflatgeobuf_transfn
       + function: pgis_asgeobuf_finalfn
       + function: pgis_asgeobuf_transfn
       + function: pgis_asmvt_combinefn
       + function: pgis_asmvt_deserialfn
       + function: pgis_asmvt_finalfn
       + function: pgis_asmvt_serialfn
       + function: pgis_asmvt_transfn
       + function: pgis_geometry_accum_transfn
       + function: pgis_geometry_clusterintersecting_finalfn
       + function: pgis_geometry_clusterwithin_finalfn
       + function: pgis_geometry_collect_finalfn
       + function: pgis_geometry_coverageunion_finalfn
       + function: pgis_geometry_makeline_finalfn
       + function: pgis_geometry_polygonize_finalfn
       + function: pgis_geometry_union_parallel_combinefn
       + function: pgis_geometry_union_parallel_deserialfn
       + function: pgis_geometry_union_parallel_finalfn
       + function: pgis_geometry_union_parallel_serialfn
       + function: pgis_geometry_union_parallel_transfn
       + function: point
       + function: polygon
       + function: populate_geometry_columns
       + function: postgis_addbbox
       + function: postgis_cache_bbox
       + function: postgis_constraint_dims
       + function: postgis_constraint_srid
       + function: postgis_constraint_type
       + function: postgis_dropbbox
       + function: postgis_extensions_upgrade
       + function: postgis_full_version
       + function: postgis_gdal_version
       + function: postgis_geos_compiled_version
       + function: postgis_geos_noop
       + function: postgis_geos_version
       + function: postgis_getbbox
       + function: postgis_hasbbox
       + function: postgis_index_supportfn
       + function: postgis_lib_build_date
       + function: postgis_lib_revision
       + function: postgis_lib_version
       + function: postgis_libjson_version
       + function: postgis_liblwgeom_version
       + function: postgis_libprotobuf_version
       + function: postgis_libxml_version
       + function: postgis_noop
       + function: postgis_proj_compiled_version
       + function: postgis_proj_version
       + function: postgis_raster_lib_build_date
       + function: postgis_raster_lib_version
       + function: postgis_raster_scripts_installed
       + function: postgis_scripts_build_date
       + function: postgis_scripts_installed
       + function: postgis_scripts_released
       + function: postgis_srs
       + function: postgis_srs_all
       + function: postgis_srs_codes
       + function: postgis_srs_search
       + function: postgis_svn_version
       + function: postgis_transform_geometry
       + function: postgis_transform_pipeline_geometry
       + function: postgis_type_name
       + function: postgis_typmod_dims
       + function: postgis_typmod_srid
       + function: postgis_typmod_type
       + function: postgis_version
       + function: postgis_wagyu_version
       + function: postgres_fdw_disconnect
       + function: postgres_fdw_disconnect_all
       + function: postgres_fdw_get_connections
       + function: postgres_fdw_handler
       + function: postgres_fdw_validator
       + function: raster_above
       + function: raster_below
       + function: raster_contain
       + function: raster_contained
       + function: raster_contained_by_geometry
       + function: raster_eq
       + function: raster_geometry_contain
       + function: raster_geometry_overlap
       + function: raster_hash
       + function: raster_in
       + function: raster_left
       + function: raster_out
       + function: raster_overabove
       + function: raster_overbelow
       + function: raster_overlap
       + function: raster_overleft
       + function: raster_overright
       + function: raster_right
       + function: raster_same
       + function: spheroid_in
       + function: spheroid_out
       + function: st_3dclosestpoint
       + function: st_3ddfullywithin
       + function: st_3ddistance
       + function: st_3ddwithin
       + function: st_3dintersects
       + function: st_3dlength
       + function: st_3dlineinterpolatepoint
       + function: st_3dlongestline
       + function: st_3dmakebox
       + function: st_3dmaxdistance
       + function: st_3dperimeter
       + function: st_3dshortestline
       + function: st_addband
       + function: st_addmeasure
       + function: st_addpoint
       + function: st_affine
       + function: st_angle
       + function: st_approxcount
       + function: st_approxhistogram
       + function: st_approxquantile
       + function: st_approxsummarystats
       + function: st_area
       + function: st_area2d
       + function: st_asbinary
       + function: st_asencodedpolyline
       + function: st_asewkb
       + function: st_asewkt
       + function: st_asgdalraster
       + function: st_asgeojson
       + function: st_asgml
       + function: st_ashexewkb
       + function: st_ashexwkb
       + function: st_asjpeg
       + function: st_askml
       + function: st_aslatlontext
       + function: st_asmarc21
       + function: st_asmvtgeom
       + function: st_aspect
       + function: st_aspng
       + function: st_asraster
       + function: st_assvg
       + function: st_astext
       + function: st_astiff
       + function: st_astwkb
       + function: st_aswkb
       + function: st_asx3d
       + function: st_azimuth
       + function: st_band
       + function: st_bandfilesize
       + function: st_bandfiletimestamp
       + function: st_bandisnodata
       + function: st_bandmetadata
       + function: st_bandnodatavalue
       + function: st_bandpath
       + function: st_bandpixeltype
       + function: st_bdmpolyfromtext
       + function: st_bdpolyfromtext
       + function: st_boundary
       + function: st_boundingdiagonal
       + function: st_box2dfromgeohash
       + function: st_buffer
       + function: st_buildarea
       + function: st_centroid
       + function: st_chaikinsmoothing
       + function: st_cleangeometry
       + function: st_clip
       + function: st_clipbybox2d
       + function: st_closestpoint
       + function: st_closestpointofapproach
       + function: st_clusterintersecting
       + function: st_clusterwithin
       + function: st_collect
       + function: st_collectionextract
       + function: st_collectionhomogenize
       + function: st_colormap
       + function: st_combinebbox
       + function: st_concavehull
       + function: st_contains
       + function: st_containsproperly
       + function: st_contour
       + function: st_convexhull
       + function: st_coorddim
       + function: st_count
       + function: st_coverageunion
       + function: st_coveredby
       + function: st_covers
       + function: st_cpawithin
       + function: st_createoverview
       + function: st_crosses
       + function: st_curven
       + function: st_curvetoline
       + function: st_delaunaytriangles
       + function: st_dfullywithin
       + function: st_difference
       + function: st_dimension
       + function: st_disjoint
       + function: st_distance
       + function: st_distancecpa
       + function: st_distancesphere
       + function: st_distancespheroid
       + function: st_distinct4ma
       + function: st_dump
       + function: st_dumpaspolygons
       + function: st_dumppoints
       + function: st_dumprings
       + function: st_dumpsegments
       + function: st_dumpvalues
       + function: st_dwithin
       + function: st_endpoint
       + function: st_envelope
       + function: st_equals
       + function: st_estimatedextent
       + function: st_expand
       + function: st_exteriorring
       + function: st_filterbym
       + function: st_findextent
       + function: st_flipcoordinates
       + function: st_force2d
       + function: st_force3d
       + function: st_force3dm
       + function: st_force3dz
       + function: st_force4d
       + function: st_forcecollection
       + function: st_forcecurve
       + function: st_forcepolygonccw
       + function: st_forcepolygoncw
       + function: st_forcerhr
       + function: st_forcesfs
       + function: st_frechetdistance
       + function: st_fromflatgeobuf
       + function: st_fromflatgeobuftotable
       + function: st_fromgdalraster
       + function: st_gdaldrivers
       + function: st_generatepoints
       + function: st_geogfromtext
       + function: st_geogfromwkb
       + function: st_geographyfromtext
       + function: st_geohash
       + function: st_geomcollfromtext
       + function: st_geomcollfromwkb
       + function: st_geometricmedian
       + function: st_geometryfromtext
       + function: st_geometryn
       + function: st_geometrytype
       + function: st_geomfromewkb
       + function: st_geomfromewkt
       + function: st_geomfromgeohash
       + function: st_geomfromgeojson
       + function: st_geomfromgml
       + function: st_geomfromkml
       + function: st_geomfrommarc21
       + function: st_geomfromtext
       + function: st_geomfromtwkb
       + function: st_geomfromwkb
       + function: st_georeference
       + function: st_geotransform
       + function: st_gmltosql
       + function: st_grayscale
       + function: st_hasarc
       + function: st_hasm
       + function: st_hasnoband
       + function: st_hasz
       + function: st_hausdorffdistance
       + function: st_height
       + function: st_hexagon
       + function: st_hexagongrid
       + function: st_hillshade
       + function: st_histogram
       + function: st_interiorringn
       + function: st_interpolatepoint
       + function: st_interpolateraster
       + function: st_intersection
       + function: st_intersects
       + function: st_invdistweight4ma
       + function: st_inversetransformpipeline
       + function: st_isclosed
       + function: st_iscollection
       + function: st_iscoveragetile
       + function: st_isempty
       + function: st_ispolygonccw
       + function: st_ispolygoncw
       + function: st_isring
       + function: st_issimple
       + function: st_isvalid
       + function: st_isvaliddetail
       + function: st_isvalidreason
       + function: st_isvalidtrajectory
       + function: st_largestemptycircle
       + function: st_length
       + function: st_length2d
       + function: st_length2dspheroid
       + function: st_lengthspheroid
       + function: st_letters
       + function: st_linecrossingdirection
       + function: st_lineextend
       + function: st_linefromencodedpolyline
       + function: st_linefrommultipoint
       + function: st_linefromtext
       + function: st_linefromwkb
       + function: st_lineinterpolatepoint
       + function: st_lineinterpolatepoints
       + function: st_linelocatepoint
       + function: st_linemerge
       + function: st_linestringfromwkb
       + function: st_linesubstring
       + function: st_linetocurve
       + function: st_locatealong
       + function: st_locatebetween
       + function: st_locatebetweenelevations
       + function: st_longestline
       + function: st_m
       + function: st_makebox2d
       + function: st_makeemptycoverage
       + function: st_makeemptyraster
       + function: st_makeenvelope
       + function: st_makeline
       + function: st_makepoint
       + function: st_makepointm
       + function: st_makepolygon
       + function: st_makevalid
       + function: st_mapalgebra
       + function: st_mapalgebraexpr
       + function: st_mapalgebrafct
       + function: st_mapalgebrafctngb
       + function: st_max4ma
       + function: st_maxdistance
       + function: st_maximuminscribedcircle
       + function: st_mean4ma
       + function: st_memsize
       + function: st_metadata
       + function: st_min4ma
       + function: st_minconvexhull
       + function: st_mindist4ma
       + function: st_minimumboundingcircle
       + function: st_minimumboundingradius
       + function: st_minimumclearance
       + function: st_minimumclearanceline
       + function: st_minpossiblevalue
       + function: st_mlinefromtext
       + function: st_mlinefromwkb
       + function: st_mpointfromtext
       + function: st_mpointfromwkb
       + function: st_mpolyfromtext
       + function: st_mpolyfromwkb
       + function: st_multi
       + function: st_multilinefromwkb
       + function: st_multilinestringfromtext
       + function: st_multipointfromtext
       + function: st_multipointfromwkb
       + function: st_multipolyfromwkb
       + function: st_multipolygonfromtext
       + function: st_ndims
       + function: st_nearestvalue
       + function: st_neighborhood
       + function: st_node
       + function: st_normalize
       + function: st_notsamealignmentreason
       + function: st_npoints
       + function: st_nrings
       + function: st_numbands
       + function: st_numcurves
       + function: st_numgeometries
       + function: st_numinteriorring
       + function: st_numinteriorrings
       + function: st_numpatches
       + function: st_numpoints
       + function: st_offsetcurve
       + function: st_orderingequals
       + function: st_orientedenvelope
       + function: st_overlaps
       + function: st_patchn
       + function: st_perimeter
       + function: st_perimeter2d
       + function: st_pixelascentroid
       + function: st_pixelascentroids
       + function: st_pixelaspoint
       + function: st_pixelaspoints
       + function: st_pixelaspolygon
       + function: st_pixelaspolygons
       + function: st_pixelheight
       + function: st_pixelofvalue
       + function: st_pixelwidth
       + function: st_point
       + function: st_pointfromgeohash
       + function: st_pointfromtext
       + function: st_pointfromwkb
       + function: st_pointinsidecircle
       + function: st_pointm
       + function: st_pointn
       + function: st_pointonsurface
       + function: st_points
       + function: st_pointz
       + function: st_pointzm
       + function: st_polyfromtext
       + function: st_polyfromwkb
       + function: st_polygon
       + function: st_polygonfromtext
       + function: st_polygonfromwkb
       + function: st_polygonize
       + function: st_project
       + function: st_quantile
       + function: st_quantizecoordinates
       + function: st_range4ma
       + function: st_rastertoworldcoord
       + function: st_rastertoworldcoordx
       + function: st_rastertoworldcoordy
       + function: st_rastfromhexwkb
       + function: st_rastfromwkb
       + function: st_reclass
       + function: st_reduceprecision
       + function: st_relate
       + function: st_relatematch
       + function: st_removeirrelevantpointsforview
       + function: st_removepoint
       + function: st_removerepeatedpoints
       + function: st_removesmallparts
       + function: st_resample
       + function: st_rescale
       + function: st_resize
       + function: st_reskew
       + function: st_retile
       + function: st_reverse
       + function: st_rotate
       + function: st_rotatex
       + function: st_rotatey
       + function: st_rotatez
       + function: st_rotation
       + function: st_roughness
       + function: st_samealignment
       + function: st_scale
       + function: st_scalex
       + function: st_scaley
       + function: st_scroll
       + function: st_segmentize
       + function: st_setbandindex
       + function: st_setbandisnodata
       + function: st_setbandnodatavalue
       + function: st_setbandpath
       + function: st_seteffectivearea
       + function: st_setgeoreference
       + function: st_setgeotransform
       + function: st_setm
       + function: st_setpoint
       + function: st_setrotation
       + function: st_setscale
       + function: st_setskew
       + function: st_setsrid
       + function: st_setupperleft
       + function: st_setvalue
       + function: st_setvalues
       + function: st_setz
       + function: st_sharedpaths
       + function: st_shiftlongitude
       + function: st_shortestline
       + function: st_simplify
       + function: st_simplifypolygonhull
       + function: st_simplifypreservetopology
       + function: st_simplifyvw
       + function: st_skewx
       + function: st_skewy
       + function: st_slope
       + function: st_snap
       + function: st_snaptogrid
       + function: st_split
       + function: st_square
       + function: st_squaregrid
       + function: st_srid
       + function: st_startpoint
       + function: st_stddev4ma
       + function: st_subdivide
       + function: st_sum4ma
       + function: st_summary
       + function: st_summarystats
       + function: st_swapordinates
       + function: st_symdifference
       + function: st_symmetricdifference
       + function: st_tile
       + function: st_tileenvelope
       + function: st_touches
       + function: st_tpi
       + function: st_transform
       + function: st_transformpipeline
       + function: st_translate
       + function: st_transscale
       + function: st_tri
       + function: st_triangulatepolygon
       + function: st_unaryunion
       + function: st_union
       + function: st_upperleftx
       + function: st_upperlefty
       + function: st_value
       + function: st_valuecount
       + function: st_valuepercent
       + function: st_voronoilines
       + function: st_voronoipolygons
       + function: st_width
       + function: st_within
       + function: st_wkbtosql
       + function: st_wkttosql
       + function: st_worldtorastercoord
       + function: st_worldtorastercoordx
       + function: st_worldtorastercoordy
       + function: st_wrapx
       + function: st_x
       + function: st_xmax
       + function: st_xmin
       + function: st_y
       + function: st_ymax
       + function: st_ymin
       + function: st_z
       + function: st_zmax
       + function: st_zmflag
       + function: st_zmin
       + function: text
       + function: undo_companies
       + function: update_companies
       + function: updategeometrysrid
       + function: updaterastersrid
     ✅ 008-functions.sql (1259 functions)
       + matview: vw_formtimes_matttesting
       + matview: c.starttime,
       + matview: c.answertime,
       + matview: c.endtime,
       + matview: c.company,
       + matview: c.agentname,
       + matview: c.duration,
       + matview: c.talktime,
       + matview: c.ddi,
       + matview: c.device,
       + matview: c.direction,
       + matview: c.terminatedby,
       + matview: c.transfertalktime,
       + matview: c.transferstarttime,
       + matview: ft.groupname,
       + matview: ft.form_start,
       + matview: ft.form_end,
       + matview: ft.form_seconds,
       + matview: row_number() OVER (PARTITION BY c.id ORDER BY ft.form_start) AS page
       + matview: FROM (logger.cdr c
       + matview: LEFT JOIN logger.fdw_formtimes ft ON ((((c.accountcode)::character varying)::text = (ft.account_code)::text)))
       + matview: WHERE ((((c.starttime)::date >= 2025-03-01::date) AND ((c.starttime)::date <= 2025-03-31::date)) AND ((c.direction)::text = Incoming::text))
       + matview: ORDER BY c.id;
     ✅ 011-matviews.sql (1 materialized views)
     ✅ 012-rules.sql (3 rules)
  ✅ Schema public done
       + extension: file_fdw (schema: public)
       + extension: pg_stat_statements (schema: public)
       + extension: plperl (schema: pg_catalog)
       + extension: postgis (schema: public)
       + extension: postgis_raster (schema: public)
       + extension: postgres_fdw (schema: public)
       + extension: tablefunc (schema: public)
     ✅ extensions.sql (7 extensions)
       + FDW: file_fdw
       + FDW: postgres_fdw
       + Foreign Server: asteriskgw1_server
       + Foreign Server: autoform
       + Foreign Server: bling_server
       + Foreign Server: bling_server2
       + Foreign Server: cognodb
       + Foreign Server: file_fdw_server
       + Foreign Server: msgstore
       + Foreign Server: msgstore2
       + Foreign Server: widgets
       + User Mapping: baz.patel.pgadmin → asteriskgw1_server
       + User Mapping: grafana_su → asteriskgw1_server
       + User Mapping: matt.sullivan.pgadmin2 → asteriskgw1_server
       + User Mapping: postgres → asteriskgw1_server
       + User Mapping: quicksight → asteriskgw1_server
       + User Mapping: ruth.kegicha.pgadmin → asteriskgw1_server
       + User Mapping: webreports1 → asteriskgw1_server
       + User Mapping: activelinks → autoform
       + User Mapping: baz.patel.pgadmin → autoform
       + User Mapping: grafana_su → autoform
       + User Mapping: matt.sullivan.pgadmin2 → autoform
       + User Mapping: postgres → autoform
       + User Mapping: ruth.kegicha.pgadmin → autoform
       + User Mapping: webreports1 → autoform
       + User Mapping: activelinks → bling_server
       + User Mapping: baz.patel.pgadmin → bling_server
       + User Mapping: postgres → bling_server
       + User Mapping: quicksight → bling_server
       + User Mapping: webreports1 → bling_server
       + User Mapping: activelinks → bling_server2
       + User Mapping: baz.patel.pgadmin → bling_server2
       + User Mapping: postgres → bling_server2
       + User Mapping: quicksight → bling_server2
       + User Mapping: webreports1 → bling_server2
       + User Mapping: baz.patel.pgadmin → cognodb
       + User Mapping: cogno_user → cognodb
       + User Mapping: pablo.admin → cognodb
       + User Mapping: activelinks → msgstore
       + User Mapping: matt.sullivan.pgadmin2 → msgstore
       + User Mapping: postgres → msgstore
       + User Mapping: ruth.kegicha.pgadmin → msgstore
       + User Mapping: webreports1 → msgstore
       + User Mapping: activelinks → msgstore2
       + User Mapping: baz.patel.pgadmin → msgstore2
       + User Mapping: matt.sullivan.pgadmin2 → msgstore2
       + User Mapping: postgres → msgstore2
       + User Mapping: ruth.kegicha.pgadmin → msgstore2
       + User Mapping: webreports1 → msgstore2
       + User Mapping: activelinks → widgets
       + User Mapping: postgres → widgets
       + User Mapping: webreports1 → widgets
     ✅ fdw.sql (2 FDWs)
       + publication: logger
       + publication: virtualoffice_migration
     ✅ replication.sql (2 publications)

  Running changelog-sync for virtualoffice...
./Migrate_prod_to_repo.sh: line 1511: liquibase: command not found
  ✅ virtualoffice done!

──────────────────────────────────────────
 Processing: vtlogger
──────────────────────────────────────────
  Schema: public (tables:5 views:2)

  → Schema: public
     roles:365 users:332 tables:5 views:2 indexes:0 functions:3 procedures:0
     ✅ 001-roles.sql (365 roles)
     ✅ 002-users.sql (332 users)
     ✅ 003-schema.sql
       + sequence: groups_id_seq
       + sequence: screenRecordings_id_seq
       + sequence: screenrecordings_seq
     ✅ 004-sequences.sql (3 sequences)
       + table: calls
       + table: groups
       + table: progress
       + table: screenrecordings
       + table: teardown
     ✅ 005-tables.sql (5 tables)
     ✅ Table grants: 10 statements copied
       + view: pg_stat_statements
       + view: pg_stat_statements_info
     ✅ 006-views.sql (2 views)
       + function: pg_stat_statements
       + function: pg_stat_statements_info
       + function: pg_stat_statements_reset
     ✅ 008-functions.sql (3 functions)
  ✅ Schema public done
       + extension: pg_stat_statements (schema: public)
     ✅ extensions.sql (1 extensions)

  Running changelog-sync for vtlogger...
./Migrate_prod_to_repo.sh: line 1511: liquibase: command not found
  ✅ vtlogger done!

──────────────────────────────────────────
 Processing: widgets
──────────────────────────────────────────
  Schema: callout (tables:1 views:5)
  Schema: deptools (tables:1 views:0)
  Schema: public (tables:0 views:2)

  → Schema: callout
     roles:365 users:332 tables:1 views:5 indexes:5 functions:5 procedures:0
     ✅ 001-roles.sql (365 roles)
     ✅ 002-users.sql (332 users)
     ✅ 003-schema.sql
       + table: calls
     ✅ 005-tables.sql (1 tables)
     ✅ Table grants: 15 statements copied
       + view: calls_combined
       + view: calls_report_fill5
       + view: vw_calls_combined
       + view: vw_calls_report_fill5
       + view: vw_calls_report_fill5_lastmonth
     ✅ 006-views.sql (5 views)
     ✅ 007-indexes.sql (5 indexes)
       + function: postgres_fdw_disconnect
       + function: postgres_fdw_disconnect_all
       + function: postgres_fdw_get_connections
       + function: postgres_fdw_handler
       + function: postgres_fdw_validator
     ✅ 008-functions.sql (5 functions)
  ✅ Schema callout done

  → Schema: deptools
     roles:365 users:332 tables:1 views:0 indexes:1 functions:0 procedures:0
     ✅ 003-schema.sql
     ✅ 004-sequences.sql (1 sequences)
       + table: tariffs
     ✅ 005-tables.sql (1 tables)
     ✅ Table grants: 2 statements copied
     ✅ 007-indexes.sql (1 indexes)
  ✅ Schema deptools done

  → Schema: public
     roles:365 users:332 tables:0 views:2 indexes:0 functions:14 procedures:0
     ✅ 003-schema.sql
       + view: pg_stat_statements
       + view: pg_stat_statements_info
     ✅ 006-views.sql (2 views)
       + function: connectby
       + function: crosstab
       + function: crosstab2
       + function: crosstab3
       + function: crosstab4
       + function: normal_rand
       + function: pg_stat_statements
       + function: pg_stat_statements_info
       + function: pg_stat_statements_reset
     ✅ 008-functions.sql (14 functions)
  ✅ Schema public done
       + extension: pg_stat_statements (schema: public)
       + extension: postgres_fdw (schema: callout)
       + extension: tablefunc (schema: public)
     ✅ extensions.sql (3 extensions)
       + FDW: postgres_fdw
       + Foreign Server: virtualoffice
       + Foreign Server: widgets
       + Foreign Server: zz_widgets
       + User Mapping: postgres → virtualoffice
       + User Mapping: postgres → widgets
       + User Mapping: baz.patel.pgadmin → zz_widgets
       + User Mapping: postgres → zz_widgets
     ✅ fdw.sql (1 FDWs)
       + publication: widgets_migration
     ✅ replication.sql (1 publications)

  Running changelog-sync for widgets...
./Migrate_prod_to_repo.sh: line 1511: liquibase: command not found
  ✅ widgets done!

──────────────────────────────────────────
 Processing: z_messagereports
──────────────────────────────────────────
  Schema: public (tables:8 views:4)

  → Schema: public
     roles:365 users:332 tables:8 views:4 indexes:15 functions:3 procedures:0
     ✅ 001-roles.sql (365 roles)
     ✅ 002-users.sql (332 users)
     ✅ 003-schema.sql
     ✅ 004-sequences.sql (8 sequences)
       + table: report
       + table: report_activity
       + table: report_email
       + table: report_email_to_info
       + table: report_info
       + table: report_log
       + table: report_request
       + table: report_sql
     ✅ 005-tables.sql (8 tables)
     ✅ Table grants: 22 statements copied
       + view: pg_stat_statements
       + view: pg_stat_statements_info
       + view: vw_report_activity
       + view: vw_report_info
     ✅ 006-views.sql (4 views)
     ✅ 007-indexes.sql (15 indexes)
       + function: pg_stat_statements
       + function: pg_stat_statements_info
       + function: pg_stat_statements_reset
     ✅ 008-functions.sql (3 functions)
  ✅ Schema public done
       + extension: pg_stat_statements (schema: public)
     ✅ extensions.sql (1 extensions)
       + publication: msgreports_migration
     ✅ replication.sql (1 publications)

  Running changelog-sync for z_messagereports...
./Migrate_prod_to_repo.sh: line 1511: liquibase: command not found
  ✅ z_messagereports done!

──────────────────────────────────────────
 Processing: z_messagestore
──────────────────────────────────────────
  Schema: public (tables:12 views:6)

  → Schema: public
     roles:365 users:332 tables:12 views:6 indexes:42 functions:12 procedures:0
     ✅ 001-roles.sql (365 roles)
     ✅ 002-users.sql (332 users)
     ✅ 003-schema.sql
     ✅ 004-sequences.sql (9 sequences)
       + table: call
       + table: email
       + table: email_attachment
       + table: email_log
       + table: http
       + table: log
       + table: message_archive
       + table: message_core
       + table: message_snapshot
       + table: report
       + table: report_info
       + table: sms
     ✅ 005-tables.sql (12 tables)
     ✅ Table grants: 18 statements copied
       + view: message
       + view: pg_stat_statements
       + view: pg_stat_statements_info
       + view: vw_messages_all
       + view: vw_messages_all2
       + view: vw_tables_sizes_schemas
     ✅ 006-views.sql (6 views)
     ✅ 007-indexes.sql (42 indexes)
       + function: copy_message
       + function: isdateinrange
       + function: pg_stat_statements
       + function: pg_stat_statements_info
       + function: pg_stat_statements_reset
       + function: postgres_fdw_disconnect
       + function: postgres_fdw_disconnect_all
       + function: postgres_fdw_get_connections
       + function: postgres_fdw_handler
       + function: postgres_fdw_validator
       + function: queue_event
       + function: update_message_snapshot
     ✅ 008-functions.sql (12 functions)
     ✅ 010-triggers.sql (6 triggers)
./Migrate_prod_to_repo.sh: line 1164: /home/yathish/liquibase-CI-CD/databases/z_messagestore/changelog-root.xml: No such file or directory
  ✅ Schema public done
       + extension: pg_stat_statements (schema: public)
       + extension: postgres_fdw (schema: public)
     ✅ extensions.sql (2 extensions)
       + FDW: postgres_fdw
     ✅ fdw.sql (1 FDWs)
       + publication: msgstore_migration
     ✅ replication.sql (1 publications)

  Running changelog-sync for z_messagestore...
./Migrate_prod_to_repo.sh: line 1511: liquibase: command not found
  ✅ z_messagestore done!

──────────────────────────────────────────
 Processing: z_v2
──────────────────────────────────────────
  Schema: api (tables:52 views:15)
  Schema: asterisk (tables:6 views:2)
  Schema: ave (tables:28 views:1)
  Schema: callback (tables:1 views:0)
  Schema: calllogic (tables:5 views:2)
  Schema: champs (tables:3 views:1)
  Schema: etop (tables:6 views:0)
  Schema: feedback (tables:13 views:0)
  Schema: geodata (tables:2 views:0)
  Schema: logger (tables:31 views:13)
  Schema: logger_ifl (tables:3 views:0)
  Schema: messaging (tables:6 views:0)
  Schema: mitel (tables:3 views:0)
  Schema: paxton (tables:1 views:0)
  Schema: quicksight (tables:2 views:0)
  Schema: quicksight_clients (tables:4 views:0)
  Schema: router (tables:10 views:0)
  Schema: signup (tables:3 views:0)
  Schema: smdr (tables:1 views:0)
  Schema: staging_router (tables:7 views:0)
  Schema: wallboard (tables:3 views:0)
  Schema: wallboard2 (tables:1 views:0)
  Schema: public (tables:5 views:4)

  → Schema: api
     roles:365 users:332 tables:52 views:15 indexes:131 functions:13 procedures:0
     ✅ 001-roles.sql (365 roles)
     ✅ 002-users.sql (332 users)
     ✅ 003-schema.sql
       + sequence: caller_id_seq
     ✅ 004-sequences.sql (7 sequences)
       + table: activities
       + table: address_options
       + table: addresses
       + table: area_codes
       + table: audit_log
       + table: availabilities
       + table: bankholiday
       + table: broadcasts
       + table: call_attributes
       + table: call_tags
       + table: caller_id
       + table: calls
       + table: communications
       + table: companies
       + table: content
       + table: content_groups
       + table: countries
       + table: dbix_class_deploymenthandler_versions
       + table: feedback
       + table: forgot_details
       + table: global_user_roles
       + table: global_users
       + table: greetings
       + table: labels
       + table: locations
       + table: logs
       + table: message_contents
       + table: message_contents_pending
       + table: messages
       + table: messages_have_labels
       + table: notes
       + table: notifications
       + table: numbers
       + table: operational_times
       + table: people
       + table: people_have_addresses
       + table: reserved
       + table: roles
       + table: rota_options
       + table: rota_types
       + table: rotas
       + table: statistics
       + table: tmp_calllog
       + table: tokens
       + table: trial_numbers
       + table: trials
       + table: user_history
       + table: user_roles
       + table: users
       + table: vip_tags
       + table: vips
       + table: vips_have_vip_tags
     ✅ 005-tables.sql (52 tables)
     ✅ Table grants: 859 statements copied
       + view: vw_area_codes
       + view: vw_company_summary_by_business_type
       + view: vw_company_to_ddi
       + view: vw_company_to_ddi_attr
       + view: vw_company_to_ddi_attributes
       + view: vw_ddi_attributes
       + view: vw_ddi_info
       + view: vw_ddi_info_router
       + view: vw_ddi_info_test
       + view: vw_get_partial_postcodes
       + view: vw_live_accounts_detailed
       + view: vw_live_vo_accounts
       + view: vw_notes
       + view: vw_rotas
       + view: vw_rotas_people
     ✅ 006-views.sql (15 views)
     ✅ 007-indexes.sql (131 indexes)
       + function: addresses_generate_tsvector
       + function: log_to_audit_log
       + function: messages_generate_tsvector
       + function: min_wrap_by_ddi
       + function: notify_listener
       + function: people_generate_tsvector
       + function: postgres_fdw_disconnect
       + function: postgres_fdw_disconnect_all
       + function: postgres_fdw_get_connections
       + function: postgres_fdw_handler
       + function: postgres_fdw_validator
       + function: users_update_meta
       + function: vips_generate_tsvector
     ✅ 008-functions.sql (13 functions)
       + trigger: trigger_activities_audit on activities
       + trigger: trigger_address_options_audit on address_options
       + trigger: trigger_addresses_audit on addresses
       + trigger: trigger_addresses_before on addresses
       + trigger: trigger_availabilities_audit on availabilities
       + trigger: trigger_availabilities_notify on availabilities
       + trigger: trigger_notes_audit on broadcasts
       + trigger: trigger_call_tags_audit on call_tags
       + trigger: trigger_calls_notify on calls
       + trigger: trigger_communications_audit on communications
       + trigger: trigger_companies_audit on companies
       + trigger: trigger_companies_notify on companies
       + trigger: trigger_content_audit on content
       + trigger: trigger_content_groups_audit on content_groups
       + trigger: trigger_feedback_audit on feedback
       + trigger: trigger_forgot_details_audit on forgot_details
       + trigger: trigger_global_users_audit on global_users
       + trigger: trigger_greetings_audit on greetings
       + trigger: trigger_message_contents_audit on message_contents
       + trigger: trigger_message_contents_before on message_contents
       + trigger: trigger_message_contents_notify on message_contents
       + trigger: trigger_messages_audit on messages
       + trigger: trigger_notes_audit on notes
       + trigger: trigger_notes_notify on notes
       + trigger: trigger_notifications_audit on notifications
       + trigger: trigger_numbers_audit on numbers
       + trigger: trigger_operational_times_audit on operational_times
       + trigger: trigger_operational_times_notify on operational_times
       + trigger: trigger_people_audit on people
       + trigger: trigger_people_before on people
       + trigger: trigger_people_notify on people
       + trigger: trigger_roles_audit on roles
       + trigger: trigger_rota_options_audit on rota_options
       + trigger: trigger_rotas_audit on rotas
       + trigger: trigger_tokens_audit on tokens
       + trigger: trigger_trials_audit on trials
       + trigger: trigger_user_roles_audit on user_roles
       + trigger: trigger_users_after on users
       + trigger: trigger_users_audit on users
       + trigger: trigger_users_notify on users
       + trigger: trigger_vip_tags_audit on vip_tags
       + trigger: trigger_vips_audit on vips
       + trigger: trigger_vips_before on vips
     ✅ 010-triggers.sql (56 triggers)
  ✅ Schema api done

  → Schema: asterisk
     roles:365 users:332 tables:6 views:2 indexes:0 functions:0 procedures:0
     ✅ 003-schema.sql
       + sequence: ivr_option_seq
     ✅ 004-sequences.sql (1 sequences)
       + table: call_queueing
       + table: calls
       + table: eqs_accounts
       + table: ivr_option
       + table: language
       + table: sites
     ✅ 005-tables.sql (6 tables)
     ✅ Table grants: 73 statements copied
       + view: vw_call_stats
       + view: vw_eqs_accounts
     ✅ 006-views.sql (2 views)
  ✅ Schema asterisk done

  → Schema: ave
     roles:365 users:332 tables:28 views:1 indexes:50 functions:6 procedures:25
     ✅ 003-schema.sql
       + table: ave_datasource
       + table: ave_language
       + table: ave_models
       + table: ave_outcome_status
       + table: ave_scripts
       + table: ave_step_category
       + table: ave_step_types
       + table: mindflow_model
       + table: mindflow_parallel_operation
       + table: mindflow_script
       + table: mindflow_script_status
       + table: pbx_audiosocket_endpoint
       + table: pbx_ave_ivrlanguage
       + table: pbx_ave_ivrmenu
       + table: pbx_ave_request
       + table: pbx_communication
       + table: pbx_communication_type
       + table: pbx_context
       + table: pbx_log_type
       + table: pbx_request_status
       + table: pbx_request_type
       + table: pbx_scriptrunner_endpoint
       + table: qa_category
       + table: qa_question
       + table: qa_questionnaire_detail
       + table: qa_questionnaire_header
       + table: tsc_request
       + table: tsc_request_status
     ✅ 005-tables.sql (28 tables)
     ✅ Table grants: 261 statements copied
       + view: vw_ave_catalogs
     ✅ 006-views.sql (1 views)
     ✅ 007-indexes.sql (50 indexes)
       + function: getivrmenufromddi
       + function: getivrmenufromddiunified
       + function: getquestionnairebyid
       + function: logaverequests
     ✅ 008-functions.sql (6 functions)
       + procedure: addsmartdynamicscript
       + procedure: checktsqueue
       + procedure: filtertscrequest
       + procedure: findscriptbyuuid
       + procedure: getcontextbyddiandname
       + procedure: getqacatalogs
       + procedure: getqaresult
       + procedure: getquesrionnaireheader
       + procedure: getsmartdynamicscript
       + procedure: gettscrequest
       + procedure: listtscrequest
       + procedure: logtscrequest
       + procedure: pullactivedatasources
       + procedure: pullactivemodels
       + procedure: pullactivescriptrunnerendpoints
       + procedure: pullactivesteptypes
       + procedure: pullnexttsinqueue
       + procedure: updateaverequest
       + procedure: updatetscqaresult
       + procedure: updatetscrequest
       + procedure: updatetscstatus
     ✅ 009-procedures.sql (25 procedures)
  ✅ Schema ave done

  → Schema: callback
     roles:365 users:332 tables:1 views:0 indexes:1 functions:0 procedures:0
     ✅ 003-schema.sql
       + sequence: schedule_seq
     ✅ 004-sequences.sql (1 sequences)
       + table: schedule
     ✅ 005-tables.sql (1 tables)
     ✅ Table grants: 9 statements copied
     ✅ 007-indexes.sql (1 indexes)
  ✅ Schema callback done

  → Schema: calllogic
     roles:365 users:332 tables:5 views:2 indexes:3 functions:3 procedures:0
     ✅ 003-schema.sql
       + table: adr
       + table: adrsegment
       + table: cdr
       + table: cdrsegment
       + table: tmp_mitel
     ✅ 005-tables.sql (5 tables)
     ✅ Table grants: 72 statements copied
       + view: vw_call_summary_stats
       + view: vw_cdr_adr_combined
     ✅ 006-views.sql (2 views)
     ✅ 007-indexes.sql (3 indexes)
       + function: _navicat_temp_stored_proc
       + function: get_call_summary
       + function: mi_stats
     ✅ 008-functions.sql (3 functions)
  ✅ Schema calllogic done

  → Schema: champs
     roles:365 users:332 tables:3 views:1 indexes:3 functions:1 procedures:0
     ✅ 003-schema.sql
       + sequence: message_seq
       + sequence: pop_history_seq
       + sequence: secrets_seq
     ✅ 004-sequences.sql (3 sequences)
       + table: message
       + table: pop_history
       + table: secrets
     ✅ 005-tables.sql (3 tables)
     ✅ Table grants: 37 statements copied
       + view: vw_message_summary
     ✅ 006-views.sql (1 views)
     ✅ 007-indexes.sql (3 indexes)
       + function: isdateinrange
     ✅ 008-functions.sql (1 functions)
  ✅ Schema champs done

  → Schema: etop
     roles:365 users:332 tables:6 views:0 indexes:8 functions:0 procedures:0
     ✅ 003-schema.sql
       + enum: accounts_account_status
     ✅ 004-types.sql (1 enums)
     ✅ 004-sequences.sql (5 sequences)
       + table: accounts
       + table: emails
       + table: groups
       + table: jobs
       + table: migrations
       + table: users
     ✅ 005-tables.sql (6 tables)
     ✅ Table grants: 54 statements copied
     ✅ 007-indexes.sql (8 indexes)
  ✅ Schema etop done

  → Schema: feedback
     roles:365 users:332 tables:13 views:0 indexes:9 functions:0 procedures:0
     ✅ 003-schema.sql
       + sequence: authority_seq
       + sequence: brand_seq
       + sequence: category_seq
       + sequence: comment_seq
       + sequence: department_seq
       + sequence: feedback_seq
       + sequence: feedback_type_seq
       + sequence: fragment_seq
       + sequence: fragment_type_seq
       + sequence: status_seq
       + sequence: team_seq
       + sequence: users_seq
     ✅ 004-sequences.sql (12 sequences)
       + table: authority
       + table: brand
       + table: category
       + table: comment
       + table: department
       + table: feedback
       + table: feedback_type
       + table: fragment
       + table: fragment_type
       + table: status
       + table: team
       + table: user_authority
       + table: users
     ✅ 005-tables.sql (13 tables)
     ✅ Table grants: 133 statements copied
     ✅ 007-indexes.sql (9 indexes)
  ✅ Schema feedback done

  → Schema: geodata
     roles:365 users:332 tables:2 views:0 indexes:1 functions:0 procedures:0
     ✅ 003-schema.sql
       + sequence: location_seq
       + sequence: postcode_seq
     ✅ 004-sequences.sql (2 sequences)
       + table: location
       + table: postcode
     ✅ 005-tables.sql (2 tables)
     ✅ Table grants: 18 statements copied
     ✅ 007-indexes.sql (1 indexes)
  ✅ Schema geodata done

  → Schema: logger
     roles:365 users:332 tables:31 views:13 indexes:13 functions:10 procedures:0
     ✅ 003-schema.sql
       + sequence: agent_activity_seq
       + sequence: agent_assistance_seq
       + sequence: agent_call_detail_seq
       + sequence: agent_call_seq
       + sequence: agent_status_seq
       + sequence: app_activity_seq
       + sequence: call_detail_seq
       + sequence: callback_sequence
       + sequence: callcare_tariffs_seq
       + sequence: cdr_sequence
       + sequence: ivr_results_ivr_results_id_seq
       + sequence: message_seq
       + sequence: messagedata_sequence
       + sequence: mitel_cdr_id_seq
       + sequence: segment_seq
     ✅ 004-sequences.sql (16 sequences)
       + table: agent_activity
       + table: agent_assistance
       + table: agent_call
       + table: agent_call_detail
       + table: agent_session
       + table: agent_status
       + table: app_activity
       + table: call_detail
       + table: callcare_tariffs
       + table: calls_23032020
       + table: cdr
       + table: cdr_feedback
       + table: cdr_messages
       + table: cdr_segments
       + table: company_categories
       + table: dcdr
       + table: dcdr_agent_call
       + table: dcdr_agent_session
       + table: dcdr_agent_status
       + table: dcdr_callback
       + table: dcdr_feedback
       + table: ivr_callback
       + table: ivr_results
       + table: message_data
       + table: mitel_cdr
       + table: temp_basicOnePage
       + table: temp_callidcsv
       + table: temp_firstrungon
       + table: temp_fro
       + table: temp_tcp_accounts
       + table: voip_230320
     ✅ 005-tables.sql (31 tables)
     ✅ Table grants: 552 statements copied
       + view: vw_agent_stats_60days
       + view: vw_agent_stats_60days_dcdr
       + view: vw_call_summary_stats
       + view: vw_cdr_timezone_uk
       + view: vw_cdr_today
       + view: vw_cdr_today_date
       + view: vw_cdr_today_old
       + view: vw_cdr_with_msg_vars
       + view: vw_cdr_with_talktime
       + view: vw_company_talk_time_yesterday
       + view: vw_hourly_call_stats
       + view: vw_loggercdr
       + view: vw_test_call_logs
     ✅ 006-views.sql (13 views)
     ✅ 007-indexes.sql (13 indexes)
       + function: avg_duration_by_ddi(v_ddi text)
       + function: avg_duration_by_ddi(v_ddi text)(v_ddi text)
       + function: duration_stats
       + function: get_call_summary
       + function: get_call_summary2
       + function: get_session_stats
       + function: getrecordfilepath
       + function: mi_stats
       + function: min_wrap_by_ddi
     ✅ 008-functions.sql (10 functions)
  ✅ Schema logger done

  → Schema: logger_ifl
     roles:365 users:332 tables:3 views:0 indexes:0 functions:0 procedures:0
     ✅ 003-schema.sql
       + sequence: cdr_sequence
       + sequence: message_seq
       + sequence: segment_seq
     ✅ 004-sequences.sql (3 sequences)
       + table: cdr
       + table: cdr_messages
       + table: cdr_segments
     ✅ 005-tables.sql (3 tables)
     ✅ Table grants: 31 statements copied
  ✅ Schema logger_ifl done

  → Schema: messaging
     roles:365 users:332 tables:6 views:0 indexes:10 functions:0 procedures:2
     ✅ 003-schema.sql
     ✅ 004-sequences.sql (1 sequences)
       + table: app_access
       + table: app_granted_permissions
       + table: data_sms
       + table: registed_apps
       + table: sms_providers
       + table: sms_status
     ✅ 005-tables.sql (6 tables)
     ✅ Table grants: 54 statements copied
     ✅ 007-indexes.sql (10 indexes)
       + procedure: listproviders
       + procedure: pullappdata
     ✅ 009-procedures.sql (2 procedures)
  ✅ Schema messaging done

  → Schema: mitel
     roles:365 users:332 tables:3 views:0 indexes:0 functions:0 procedures:0
     ✅ 003-schema.sql
       + sequence: dnd_status_seq
     ✅ 004-sequences.sql (1 sequences)
       + table: dnd_status
       + table: user_groups
       + table: user_pins
     ✅ 005-tables.sql (3 tables)
     ✅ Table grants: 29 statements copied
  ✅ Schema mitel done

  → Schema: paxton
     roles:365 users:332 tables:1 views:0 indexes:0 functions:0 procedures:0
     ✅ 003-schema.sql
       + table: events
     ✅ 005-tables.sql (1 tables)
     ✅ Table grants: 11 statements copied
  ✅ Schema paxton done

  → Schema: quicksight
     roles:365 users:332 tables:2 views:0 indexes:1 functions:0 procedures:0
     ✅ 003-schema.sql
       + table: dashboard
       + table: iam_credentials
     ✅ 005-tables.sql (2 tables)
     ✅ Table grants: 18 statements copied
     ✅ 007-indexes.sql (1 indexes)
  ✅ Schema quicksight done

  → Schema: quicksight_clients
     roles:365 users:332 tables:4 views:0 indexes:1 functions:0 procedures:0
     ✅ 003-schema.sql
       + sequence: quicksight_authority_seq
       + sequence: quicksight_users_seq
     ✅ 004-sequences.sql (2 sequences)
       + table: authority
       + table: dashboard
       + table: user
       + table: user_authority
     ✅ 005-tables.sql (4 tables)
     ✅ Table grants: 36 statements copied
     ✅ 007-indexes.sql (1 indexes)
  ✅ Schema quicksight_clients done

  → Schema: router
     roles:365 users:332 tables:10 views:0 indexes:5 functions:0 procedures:0
     ✅ 003-schema.sql
       + sequence: asterisk_cli_group_seq
       + sequence: destinations_destinations_id_seq
       + sequence: groups_id_seq
       + sequence: isdn_mapping_seq
       + sequence: router_rules_id
       + sequence: rule_seq
       + sequence: wrap_group_seq
     ✅ 004-sequences.sql (7 sequences)
       + table: acd_pin
       + table: asterisk_cli_group
       + table: destinations
       + table: groups
       + table: hunt_group
       + table: isdn_mapping
       + table: rules
       + table: tcp_routes
       + table: translations
       + table: wrap_group
     ✅ 005-tables.sql (10 tables)
     ✅ Table grants: 96 statements copied
     ✅ 007-indexes.sql (5 indexes)
  ✅ Schema router done

  → Schema: signup
     roles:365 users:332 tables:3 views:0 indexes:1 functions:0 procedures:0
     ✅ 003-schema.sql
       + sequence: completed_order_seq
       + sequence: orderid_seq
     ✅ 004-sequences.sql (2 sequences)
       + table: completed_orders
       + table: pending_order
       + table: phone_codes
     ✅ 005-tables.sql (3 tables)
     ✅ Table grants: 27 statements copied
     ✅ 007-indexes.sql (1 indexes)
  ✅ Schema signup done

  → Schema: smdr
     roles:365 users:332 tables:1 views:0 indexes:0 functions:0 procedures:0
     ✅ 003-schema.sql
       + table: calls
     ✅ 005-tables.sql (1 tables)
     ✅ Table grants: 9 statements copied
  ✅ Schema smdr done

  → Schema: staging_router
     roles:365 users:332 tables:7 views:0 indexes:2 functions:0 procedures:0
     ✅ 003-schema.sql
       + sequence: agentgroup_seq
       + sequence: destination_seq
       + sequence: hunt_seq
       + sequence: hunt_state_seq
       + sequence: rule_data_type_seq
       + sequence: rule_seq
       + sequence: translation_seq
     ✅ 004-sequences.sql (7 sequences)
       + table: agent_group
       + table: destination
       + table: hunt_group
       + table: hunt_group_state
       + table: rule
       + table: rule_data_type
       + table: translation
     ✅ 005-tables.sql (7 tables)
     ✅ Table grants: 68 statements copied
     ✅ 007-indexes.sql (2 indexes)
  ✅ Schema staging_router done

  → Schema: wallboard
     roles:365 users:332 tables:3 views:0 indexes:0 functions:0 procedures:0
     ✅ 003-schema.sql
       + sequence: profile_seq
       + sequence: tile_sequence
     ✅ 004-sequences.sql (2 sequences)
       + table: filterparams
       + table: profile
       + table: tiles
     ✅ 005-tables.sql (3 tables)
     ✅ Table grants: 27 statements copied
  ✅ Schema wallboard done

  → Schema: wallboard2
     roles:365 users:332 tables:1 views:0 indexes:0 functions:0 procedures:0
     ✅ 003-schema.sql
       + sequence: profile_seq
     ✅ 004-sequences.sql (1 sequences)
       + table: profile
     ✅ 005-tables.sql (1 tables)
     ✅ Table grants: 9 statements copied
  ✅ Schema wallboard2 done

  → Schema: public
     roles:365 users:332 tables:5 views:4 indexes:0 functions:768 procedures:0
     ✅ 003-schema.sql
       + sequence: adr_seq
       + sequence: adrseg_seq
       + sequence: cdr_seq
       + sequence: cdrseg_seq
       + sequence: groups_id_seq
       + sequence: hibernate_sequence
     ✅ 004-sequences.sql (6 sequences)
       + table: postcodes
       + table: repltest
       + table: sessionstats
       + table: spatial_ref_sys
       + table: temp_calls
     ✅ 005-tables.sql (5 tables)
     ✅ Table grants: 67 statements copied
       + view: geography_columns
       + view: geometry_columns
       + view: pg_stat_statements
       + view: pg_stat_statements_info
     ✅ 006-views.sql (4 views)
       + function: _postgis_deprecate
       + function: _postgis_index_extent
       + function: _postgis_join_selectivity
       + function: _postgis_pgsql_version
       + function: _postgis_scripts_pgsql_version
       + function: _postgis_selectivity
       + function: _postgis_stats
       + function: _st_3ddfullywithin
       + function: _st_3ddwithin
       + function: _st_3dintersects
       + function: _st_asgml
       + function: _st_asx3d
       + function: _st_bestsrid
       + function: _st_concavehull
       + function: _st_contains
       + function: _st_containsproperly
       + function: _st_coveredby
       + function: _st_covers
       + function: _st_crosses
       + function: _st_dfullywithin
       + function: _st_distancetree
       + function: _st_distanceuncached
       + function: _st_dwithin
       + function: _st_dwithinuncached
       + function: _st_equals
       + function: _st_expand
       + function: _st_geomfromgml
       + function: _st_intersects
       + function: _st_linecrossingdirection
       + function: _st_longestline
       + function: _st_maxdistance
       + function: _st_orderingequals
       + function: _st_overlaps
       + function: _st_pointoutside
       + function: _st_sortablehash
       + function: _st_touches
       + function: _st_voronoi
       + function: _st_within
       + function: addgeometrycolumn
       + function: agent_stats
       + function: box
       + function: box2d
       + function: box2d_in
       + function: box2d_out
       + function: box2df_in
       + function: box2df_out
       + function: box3d
       + function: box3d_in
       + function: box3d_out
       + function: box3dtobox
       + function: bytea
       + function: cdr_with_outbound_type
       + function: connectby
       + function: contains_2d
       + function: crosstab
       + function: crosstab2
       + function: crosstab3
       + function: crosstab4
       + function: dropgeometrycolumn
       + function: dropgeometrytable
       + function: equals
       + function: file_fdw_handler
       + function: file_fdw_validator
       + function: find_location_within_range_by_company
       + function: find_srid
       + function: geog_brin_inclusion_add_value
       + function: geography
       + function: geography_analyze
       + function: geography_cmp
       + function: geography_distance_knn
       + function: geography_eq
       + function: geography_ge
       + function: geography_gist_compress
       + function: geography_gist_consistent
       + function: geography_gist_decompress
       + function: geography_gist_distance
       + function: geography_gist_penalty
       + function: geography_gist_picksplit
       + function: geography_gist_same
       + function: geography_gist_union
       + function: geography_gt
       + function: geography_in
       + function: geography_le
       + function: geography_lt
       + function: geography_out
       + function: geography_overlaps
       + function: geography_recv
       + function: geography_send
       + function: geography_spgist_choose_nd
       + function: geography_spgist_compress_nd
       + function: geography_spgist_config_nd
       + function: geography_spgist_inner_consistent_nd
       + function: geography_spgist_leaf_consistent_nd
       + function: geography_spgist_picksplit_nd
       + function: geography_typmod_in
       + function: geography_typmod_out
       + function: geom2d_brin_inclusion_add_value
       + function: geom3d_brin_inclusion_add_value
       + function: geom4d_brin_inclusion_add_value
       + function: geometry
       + function: geometry_above
       + function: geometry_analyze
       + function: geometry_below
       + function: geometry_cmp
       + function: geometry_contained_3d
       + function: geometry_contains
       + function: geometry_contains_3d
       + function: geometry_contains_nd
       + function: geometry_distance_box
       + function: geometry_distance_centroid
       + function: geometry_distance_centroid_nd
       + function: geometry_distance_cpa
       + function: geometry_eq
       + function: geometry_ge
       + function: geometry_gist_compress_2d
       + function: geometry_gist_compress_nd
       + function: geometry_gist_consistent_2d
       + function: geometry_gist_consistent_nd
       + function: geometry_gist_decompress_2d
       + function: geometry_gist_decompress_nd
       + function: geometry_gist_distance_2d
       + function: geometry_gist_distance_nd
       + function: geometry_gist_penalty_2d
       + function: geometry_gist_penalty_nd
       + function: geometry_gist_picksplit_2d
       + function: geometry_gist_picksplit_nd
       + function: geometry_gist_same_2d
       + function: geometry_gist_same_nd
       + function: geometry_gist_sortsupport_2d
       + function: geometry_gist_union_2d
       + function: geometry_gist_union_nd
       + function: geometry_gt
       + function: geometry_hash
       + function: geometry_in
       + function: geometry_le
       + function: geometry_left
       + function: geometry_lt
       + function: geometry_neq
       + function: geometry_out
       + function: geometry_overabove
       + function: geometry_overbelow
       + function: geometry_overlaps
       + function: geometry_overlaps_3d
       + function: geometry_overlaps_nd
       + function: geometry_overleft
       + function: geometry_overright
       + function: geometry_recv
       + function: geometry_right
       + function: geometry_same
       + function: geometry_same_3d
       + function: geometry_same_nd
       + function: geometry_send
       + function: geometry_sortsupport
       + function: geometry_spgist_choose_2d
       + function: geometry_spgist_choose_3d
       + function: geometry_spgist_choose_nd
       + function: geometry_spgist_compress_2d
       + function: geometry_spgist_compress_3d
       + function: geometry_spgist_compress_nd
       + function: geometry_spgist_config_2d
       + function: geometry_spgist_config_3d
       + function: geometry_spgist_config_nd
       + function: geometry_spgist_inner_consistent_2d
       + function: geometry_spgist_inner_consistent_3d
       + function: geometry_spgist_inner_consistent_nd
       + function: geometry_spgist_leaf_consistent_2d
       + function: geometry_spgist_leaf_consistent_3d
       + function: geometry_spgist_leaf_consistent_nd
       + function: geometry_spgist_picksplit_2d
       + function: geometry_spgist_picksplit_3d
       + function: geometry_spgist_picksplit_nd
       + function: geometry_typmod_in
       + function: geometry_typmod_out
       + function: geometry_within
       + function: geometry_within_nd
       + function: geometrytype
       + function: geomfromewkb
       + function: geomfromewkt
       + function: get_proj4_from_srid
       + function: gidx_in
       + function: gidx_out
       + function: gserialized_gist_joinsel_2d
       + function: gserialized_gist_joinsel_nd
       + function: gserialized_gist_sel_2d
       + function: gserialized_gist_sel_nd
       + function: is_contained_2d
       + function: isdateinrange
       + function: json
       + function: jsonb
       + function: normal_rand
       + function: overlaps_2d
       + function: overlaps_geog
       + function: overlaps_nd
       + function: path
       + function: pg_stat_statements
       + function: pg_stat_statements_info
       + function: pg_stat_statements_reset
       + function: pgis_asflatgeobuf_finalfn
       + function: pgis_asflatgeobuf_transfn
       + function: pgis_asgeobuf_finalfn
       + function: pgis_asgeobuf_transfn
       + function: pgis_asmvt_combinefn
       + function: pgis_asmvt_deserialfn
       + function: pgis_asmvt_finalfn
       + function: pgis_asmvt_serialfn
       + function: pgis_asmvt_transfn
       + function: pgis_geometry_accum_transfn
       + function: pgis_geometry_clusterintersecting_finalfn
       + function: pgis_geometry_clusterwithin_finalfn
       + function: pgis_geometry_collect_finalfn
       + function: pgis_geometry_coverageunion_finalfn
       + function: pgis_geometry_makeline_finalfn
       + function: pgis_geometry_polygonize_finalfn
       + function: pgis_geometry_union_parallel_combinefn
       + function: pgis_geometry_union_parallel_deserialfn
       + function: pgis_geometry_union_parallel_finalfn
       + function: pgis_geometry_union_parallel_serialfn
       + function: pgis_geometry_union_parallel_transfn
       + function: point
       + function: polygon
       + function: populate_geometry_columns
       + function: postgis_addbbox
       + function: postgis_cache_bbox
       + function: postgis_constraint_dims
       + function: postgis_constraint_srid
       + function: postgis_constraint_type
       + function: postgis_dropbbox
       + function: postgis_extensions_upgrade
       + function: postgis_full_version
       + function: postgis_geos_compiled_version
       + function: postgis_geos_noop
       + function: postgis_geos_version
       + function: postgis_getbbox
       + function: postgis_hasbbox
       + function: postgis_index_supportfn
       + function: postgis_lib_build_date
       + function: postgis_lib_revision
       + function: postgis_lib_version
       + function: postgis_libjson_version
       + function: postgis_liblwgeom_version
       + function: postgis_libprotobuf_version
       + function: postgis_libxml_version
       + function: postgis_noop
       + function: postgis_proj_compiled_version
       + function: postgis_proj_version
       + function: postgis_scripts_build_date
       + function: postgis_scripts_installed
       + function: postgis_scripts_released
       + function: postgis_srs
       + function: postgis_srs_all
       + function: postgis_srs_codes
       + function: postgis_srs_search
       + function: postgis_svn_version
       + function: postgis_transform_geometry
       + function: postgis_transform_pipeline_geometry
       + function: postgis_type_name
       + function: postgis_typmod_dims
       + function: postgis_typmod_srid
       + function: postgis_typmod_type
       + function: postgis_version
       + function: postgis_wagyu_version
       + function: spheroid_in
       + function: spheroid_out
       + function: st_3dclosestpoint
       + function: st_3ddfullywithin
       + function: st_3ddistance
       + function: st_3ddwithin
       + function: st_3dintersects
       + function: st_3dlength
       + function: st_3dlineinterpolatepoint
       + function: st_3dlongestline
       + function: st_3dmakebox
       + function: st_3dmaxdistance
       + function: st_3dperimeter
       + function: st_3dshortestline
       + function: st_addmeasure
       + function: st_addpoint
       + function: st_affine
       + function: st_angle
       + function: st_area
       + function: st_area2d
       + function: st_asbinary
       + function: st_asencodedpolyline
       + function: st_asewkb
       + function: st_asewkt
       + function: st_asgeojson
       + function: st_asgml
       + function: st_ashexewkb
       + function: st_askml
       + function: st_aslatlontext
       + function: st_asmarc21
       + function: st_asmvtgeom
       + function: st_assvg
       + function: st_astext
       + function: st_astwkb
       + function: st_asx3d
       + function: st_azimuth
       + function: st_bdmpolyfromtext
       + function: st_bdpolyfromtext
       + function: st_boundary
       + function: st_boundingdiagonal
       + function: st_box2dfromgeohash
       + function: st_buffer
       + function: st_buildarea
       + function: st_centroid
       + function: st_chaikinsmoothing
       + function: st_cleangeometry
       + function: st_clipbybox2d
       + function: st_closestpoint
       + function: st_closestpointofapproach
       + function: st_clusterintersecting
       + function: st_clusterwithin
       + function: st_collect
       + function: st_collectionextract
       + function: st_collectionhomogenize
       + function: st_combinebbox
       + function: st_concavehull
       + function: st_contains
       + function: st_containsproperly
       + function: st_convexhull
       + function: st_coorddim
       + function: st_coverageunion
       + function: st_coveredby
       + function: st_covers
       + function: st_cpawithin
       + function: st_crosses
       + function: st_curven
       + function: st_curvetoline
       + function: st_delaunaytriangles
       + function: st_dfullywithin
       + function: st_difference
       + function: st_dimension
       + function: st_disjoint
       + function: st_distance
       + function: st_distancecpa
       + function: st_distancesphere
       + function: st_distancespheroid
       + function: st_dump
       + function: st_dumppoints
       + function: st_dumprings
       + function: st_dumpsegments
       + function: st_dwithin
       + function: st_endpoint
       + function: st_envelope
       + function: st_equals
       + function: st_estimatedextent
       + function: st_expand
       + function: st_exteriorring
       + function: st_filterbym
       + function: st_findextent
       + function: st_flipcoordinates
       + function: st_force2d
       + function: st_force3d
       + function: st_force3dm
       + function: st_force3dz
       + function: st_force4d
       + function: st_forcecollection
       + function: st_forcecurve
       + function: st_forcepolygonccw
       + function: st_forcepolygoncw
       + function: st_forcerhr
       + function: st_forcesfs
       + function: st_frechetdistance
       + function: st_fromflatgeobuf
       + function: st_fromflatgeobuftotable
       + function: st_generatepoints
       + function: st_geogfromtext
       + function: st_geogfromwkb
       + function: st_geographyfromtext
       + function: st_geohash
       + function: st_geomcollfromtext
       + function: st_geomcollfromwkb
       + function: st_geometricmedian
       + function: st_geometryfromtext
       + function: st_geometryn
       + function: st_geometrytype
       + function: st_geomfromewkb
       + function: st_geomfromewkt
       + function: st_geomfromgeohash
       + function: st_geomfromgeojson
       + function: st_geomfromgml
       + function: st_geomfromkml
       + function: st_geomfrommarc21
       + function: st_geomfromtext
       + function: st_geomfromtwkb
       + function: st_geomfromwkb
       + function: st_gmltosql
       + function: st_hasarc
       + function: st_hasm
       + function: st_hasz
       + function: st_hausdorffdistance
       + function: st_hexagon
       + function: st_hexagongrid
       + function: st_interiorringn
       + function: st_interpolatepoint
       + function: st_intersection
       + function: st_intersects
       + function: st_inversetransformpipeline
       + function: st_isclosed
       + function: st_iscollection
       + function: st_isempty
       + function: st_ispolygonccw
       + function: st_ispolygoncw
       + function: st_isring
       + function: st_issimple
       + function: st_isvalid
       + function: st_isvaliddetail
       + function: st_isvalidreason
       + function: st_isvalidtrajectory
       + function: st_largestemptycircle
       + function: st_length
       + function: st_length2d
       + function: st_length2dspheroid
       + function: st_lengthspheroid
       + function: st_letters
       + function: st_linecrossingdirection
       + function: st_lineextend
       + function: st_linefromencodedpolyline
       + function: st_linefrommultipoint
       + function: st_linefromtext
       + function: st_linefromwkb
       + function: st_lineinterpolatepoint
       + function: st_lineinterpolatepoints
       + function: st_linelocatepoint
       + function: st_linemerge
       + function: st_linestringfromwkb
       + function: st_linesubstring
       + function: st_linetocurve
       + function: st_locatealong
       + function: st_locatebetween
       + function: st_locatebetweenelevations
       + function: st_longestline
       + function: st_m
       + function: st_makebox2d
       + function: st_makeenvelope
       + function: st_makeline
       + function: st_makepoint
       + function: st_makepointm
       + function: st_makepolygon
       + function: st_makevalid
       + function: st_maxdistance
       + function: st_maximuminscribedcircle
       + function: st_memsize
       + function: st_minimumboundingcircle
       + function: st_minimumboundingradius
       + function: st_minimumclearance
       + function: st_minimumclearanceline
       + function: st_mlinefromtext
       + function: st_mlinefromwkb
       + function: st_mpointfromtext
       + function: st_mpointfromwkb
       + function: st_mpolyfromtext
       + function: st_mpolyfromwkb
       + function: st_multi
       + function: st_multilinefromwkb
       + function: st_multilinestringfromtext
       + function: st_multipointfromtext
       + function: st_multipointfromwkb
       + function: st_multipolyfromwkb
       + function: st_multipolygonfromtext
       + function: st_ndims
       + function: st_node
       + function: st_normalize
       + function: st_npoints
       + function: st_nrings
       + function: st_numcurves
       + function: st_numgeometries
       + function: st_numinteriorring
       + function: st_numinteriorrings
       + function: st_numpatches
       + function: st_numpoints
       + function: st_offsetcurve
       + function: st_orderingequals
       + function: st_orientedenvelope
       + function: st_overlaps
       + function: st_patchn
       + function: st_perimeter
       + function: st_perimeter2d
       + function: st_point
       + function: st_pointfromgeohash
       + function: st_pointfromtext
       + function: st_pointfromwkb
       + function: st_pointinsidecircle
       + function: st_pointm
       + function: st_pointn
       + function: st_pointonsurface
       + function: st_points
       + function: st_pointz
       + function: st_pointzm
       + function: st_polyfromtext
       + function: st_polyfromwkb
       + function: st_polygon
       + function: st_polygonfromtext
       + function: st_polygonfromwkb
       + function: st_polygonize
       + function: st_project
       + function: st_quantizecoordinates
       + function: st_reduceprecision
       + function: st_relate
       + function: st_relatematch
       + function: st_removeirrelevantpointsforview
       + function: st_removepoint
       + function: st_removerepeatedpoints
       + function: st_removesmallparts
       + function: st_reverse
       + function: st_rotate
       + function: st_rotatex
       + function: st_rotatey
       + function: st_rotatez
       + function: st_scale
       + function: st_scroll
       + function: st_segmentize
       + function: st_seteffectivearea
       + function: st_setpoint
       + function: st_setsrid
       + function: st_sharedpaths
       + function: st_shiftlongitude
       + function: st_shortestline
       + function: st_simplify
       + function: st_simplifypolygonhull
       + function: st_simplifypreservetopology
       + function: st_simplifyvw
       + function: st_snap
       + function: st_snaptogrid
       + function: st_split
       + function: st_square
       + function: st_squaregrid
       + function: st_srid
       + function: st_startpoint
       + function: st_subdivide
       + function: st_summary
       + function: st_swapordinates
       + function: st_symdifference
       + function: st_symmetricdifference
       + function: st_tileenvelope
       + function: st_touches
       + function: st_transform
       + function: st_transformpipeline
       + function: st_translate
       + function: st_transscale
       + function: st_triangulatepolygon
       + function: st_unaryunion
       + function: st_union
       + function: st_voronoilines
       + function: st_voronoipolygons
       + function: st_within
       + function: st_wkbtosql
       + function: st_wkttosql
       + function: st_wrapx
       + function: st_x
       + function: st_xmax
       + function: st_xmin
       + function: st_y
       + function: st_ymax
       + function: st_ymin
       + function: st_z
       + function: st_zmax
       + function: st_zmflag
       + function: st_zmin
       + function: text
       + function: updategeometrysrid
     ✅ 008-functions.sql (768 functions)
     ✅ 012-rules.sql (3 rules)
  ✅ Schema public done
       + extension: file_fdw (schema: public)
       + extension: pg_stat_statements (schema: public)
       + extension: plperl (schema: pg_catalog)
       + extension: postgis (schema: public)
       + extension: postgres_fdw (schema: api)
       + extension: tablefunc (schema: public)
     ✅ extensions.sql (6 extensions)
       + FDW: file_fdw
       + FDW: postgres_fdw
       + Foreign Server: autoform
       + Foreign Server: bling_server
       + Foreign Server: file_fdw_server
       + Foreign Server: msgstore
       + Foreign Server: widgets
       + User Mapping: postgres → autoform
       + User Mapping: webreports1 → autoform
       + User Mapping: postgres → bling_server
       + User Mapping: webreports1 → bling_server
       + User Mapping: postgres → msgstore
       + User Mapping: webreports1 → msgstore
       + User Mapping: postgres → widgets
       + User Mapping: webreports1 → widgets
     ✅ fdw.sql (2 FDWs)
       + publication: logger
     ✅ replication.sql (1 publications)

  Running changelog-sync for z_v2...
./Migrate_prod_to_repo.sh: line 1511: liquibase: command not found
  ✅ z_v2 done!

──────────────────────────────────────────
 Processing: z_voffice
──────────────────────────────────────────
  Schema: api (tables:52 views:15)
  Schema: asterisk (tables:6 views:2)
  Schema: ave (tables:28 views:1)
  Schema: callback (tables:1 views:0)
  Schema: calllogic (tables:5 views:2)
  Schema: champs (tables:3 views:1)
  Schema: etop (tables:6 views:0)
  Schema: feedback (tables:13 views:0)
  Schema: geodata (tables:2 views:0)
  Schema: logger (tables:31 views:13)
  Schema: logger_ifl (tables:3 views:0)
  Schema: messaging (tables:6 views:0)
  Schema: mitel (tables:3 views:0)
  Schema: paxton (tables:1 views:0)
  Schema: quicksight (tables:2 views:0)
  Schema: quicksight_clients (tables:4 views:0)
  Schema: router (tables:10 views:0)
  Schema: signup (tables:3 views:0)
  Schema: smdr (tables:1 views:0)
  Schema: staging_router (tables:7 views:0)
  Schema: wallboard (tables:3 views:0)
  Schema: wallboard2 (tables:1 views:0)
  Schema: public (tables:5 views:4)

  → Schema: api
     roles:365 users:332 tables:52 views:15 indexes:131 functions:13 procedures:0
     ✅ 001-roles.sql (365 roles)
     ✅ 002-users.sql (332 users)
     ✅ 003-schema.sql
       + sequence: caller_id_seq
     ✅ 004-sequences.sql (7 sequences)
       + table: activities
       + table: address_options
       + table: addresses
       + table: area_codes
       + table: audit_log
       + table: availabilities
       + table: bankholiday
       + table: broadcasts
       + table: call_attributes
       + table: call_tags
       + table: caller_id
       + table: calls
       + table: communications
       + table: companies
       + table: content
       + table: content_groups
       + table: countries
       + table: dbix_class_deploymenthandler_versions
       + table: feedback
       + table: forgot_details
       + table: global_user_roles
       + table: global_users
       + table: greetings
       + table: labels
       + table: locations
       + table: logs
       + table: message_contents
       + table: message_contents_pending
       + table: messages
       + table: messages_have_labels
       + table: notes
       + table: notifications
       + table: numbers
       + table: operational_times
       + table: people
       + table: people_have_addresses
       + table: reserved
       + table: roles
       + table: rota_options
       + table: rota_types
       + table: rotas
       + table: statistics
       + table: tmp_calllog
       + table: tokens
       + table: trial_numbers
       + table: trials
       + table: user_history
       + table: user_roles
       + table: users
       + table: vip_tags
       + table: vips
       + table: vips_have_vip_tags
     ✅ 005-tables.sql (52 tables)
     ✅ Table grants: 859 statements copied
       + view: vw_area_codes
       + view: vw_company_summary_by_business_type
       + view: vw_company_to_ddi
       + view: vw_company_to_ddi_attr
       + view: vw_company_to_ddi_attributes
       + view: vw_ddi_attributes
       + view: vw_ddi_info
       + view: vw_ddi_info_router
       + view: vw_ddi_info_test
       + view: vw_get_partial_postcodes
       + view: vw_live_accounts_detailed
       + view: vw_live_vo_accounts
       + view: vw_notes
       + view: vw_rotas
       + view: vw_rotas_people
     ✅ 006-views.sql (15 views)
     ✅ 007-indexes.sql (131 indexes)
       + function: addresses_generate_tsvector
       + function: log_to_audit_log
       + function: messages_generate_tsvector
       + function: min_wrap_by_ddi
       + function: notify_listener
       + function: people_generate_tsvector
       + function: postgres_fdw_disconnect
       + function: postgres_fdw_disconnect_all
       + function: postgres_fdw_get_connections
       + function: postgres_fdw_handler
       + function: postgres_fdw_validator
       + function: users_update_meta
       + function: vips_generate_tsvector
     ✅ 008-functions.sql (13 functions)
       + trigger: trigger_activities_audit on activities
       + trigger: trigger_address_options_audit on address_options
       + trigger: trigger_addresses_audit on addresses
       + trigger: trigger_addresses_before on addresses
       + trigger: trigger_availabilities_audit on availabilities
       + trigger: trigger_availabilities_notify on availabilities
       + trigger: trigger_notes_audit on broadcasts
       + trigger: trigger_call_tags_audit on call_tags
       + trigger: trigger_calls_notify on calls
       + trigger: trigger_communications_audit on communications
       + trigger: trigger_companies_audit on companies
       + trigger: trigger_companies_notify on companies
       + trigger: trigger_content_audit on content
       + trigger: trigger_content_groups_audit on content_groups
       + trigger: trigger_feedback_audit on feedback
       + trigger: trigger_forgot_details_audit on forgot_details
       + trigger: trigger_global_users_audit on global_users
       + trigger: trigger_greetings_audit on greetings
       + trigger: trigger_message_contents_audit on message_contents
       + trigger: trigger_message_contents_before on message_contents
       + trigger: trigger_message_contents_notify on message_contents
       + trigger: trigger_messages_audit on messages
       + trigger: trigger_notes_audit on notes
       + trigger: trigger_notes_notify on notes
       + trigger: trigger_notifications_audit on notifications
       + trigger: trigger_numbers_audit on numbers
       + trigger: trigger_operational_times_audit on operational_times
       + trigger: trigger_operational_times_notify on operational_times
       + trigger: trigger_people_audit on people
       + trigger: trigger_people_before on people
       + trigger: trigger_people_notify on people
       + trigger: trigger_roles_audit on roles
       + trigger: trigger_rota_options_audit on rota_options
       + trigger: trigger_rotas_audit on rotas
       + trigger: trigger_tokens_audit on tokens
       + trigger: trigger_trials_audit on trials
       + trigger: trigger_user_roles_audit on user_roles
       + trigger: trigger_users_after on users
       + trigger: trigger_users_audit on users
       + trigger: trigger_users_notify on users
       + trigger: trigger_vip_tags_audit on vip_tags
       + trigger: trigger_vips_audit on vips
       + trigger: trigger_vips_before on vips
     ✅ 010-triggers.sql (56 triggers)
  ✅ Schema api done

  → Schema: asterisk
     roles:365 users:332 tables:6 views:2 indexes:0 functions:0 procedures:0
     ✅ 003-schema.sql
       + sequence: ivr_option_seq
     ✅ 004-sequences.sql (1 sequences)
       + table: call_queueing
       + table: calls
       + table: eqs_accounts
       + table: ivr_option
       + table: language
       + table: sites
     ✅ 005-tables.sql (6 tables)
     ✅ Table grants: 73 statements copied
       + view: vw_call_stats
       + view: vw_eqs_accounts
     ✅ 006-views.sql (2 views)
  ✅ Schema asterisk done

  → Schema: ave
     roles:365 users:332 tables:28 views:1 indexes:50 functions:6 procedures:25
     ✅ 003-schema.sql
       + table: ave_datasource
       + table: ave_language
       + table: ave_models
       + table: ave_outcome_status
       + table: ave_scripts
       + table: ave_step_category
       + table: ave_step_types
       + table: mindflow_model
       + table: mindflow_parallel_operation
       + table: mindflow_script
       + table: mindflow_script_status
       + table: pbx_audiosocket_endpoint
       + table: pbx_ave_ivrlanguage
       + table: pbx_ave_ivrmenu
       + table: pbx_ave_request
       + table: pbx_communication
       + table: pbx_communication_type
       + table: pbx_context
       + table: pbx_log_type
       + table: pbx_request_status
       + table: pbx_request_type
       + table: pbx_scriptrunner_endpoint
       + table: qa_category
       + table: qa_question
       + table: qa_questionnaire_detail
       + table: qa_questionnaire_header
       + table: tsc_request
       + table: tsc_request_status
     ✅ 005-tables.sql (28 tables)
     ✅ Table grants: 261 statements copied
       + view: vw_ave_catalogs
     ✅ 006-views.sql (1 views)
     ✅ 007-indexes.sql (50 indexes)
       + function: getivrmenufromddi
       + function: getivrmenufromddiunified
       + function: getquestionnairebyid
       + function: logaverequests
     ✅ 008-functions.sql (6 functions)
       + procedure: addsmartdynamicscript
       + procedure: checktsqueue
       + procedure: filtertscrequest
       + procedure: findscriptbyuuid
       + procedure: getcontextbyddiandname
       + procedure: getqacatalogs
       + procedure: getqaresult
       + procedure: getquesrionnaireheader
       + procedure: getsmartdynamicscript
       + procedure: gettscrequest
       + procedure: listtscrequest
       + procedure: logtscrequest
       + procedure: pullactivedatasources
       + procedure: pullactivemodels
       + procedure: pullactivescriptrunnerendpoints
       + procedure: pullactivesteptypes
       + procedure: pullnexttsinqueue
       + procedure: updateaverequest
       + procedure: updatetscqaresult
       + procedure: updatetscrequest
       + procedure: updatetscstatus
     ✅ 009-procedures.sql (25 procedures)
  ✅ Schema ave done

  → Schema: callback
     roles:365 users:332 tables:1 views:0 indexes:1 functions:0 procedures:0
     ✅ 003-schema.sql
       + sequence: schedule_seq
     ✅ 004-sequences.sql (1 sequences)
       + table: schedule
     ✅ 005-tables.sql (1 tables)
     ✅ Table grants: 9 statements copied
     ✅ 007-indexes.sql (1 indexes)
  ✅ Schema callback done

  → Schema: calllogic
     roles:365 users:332 tables:5 views:2 indexes:3 functions:3 procedures:0
     ✅ 003-schema.sql
       + table: adr
       + table: adrsegment
       + table: cdr
       + table: cdrsegment
       + table: tmp_mitel
     ✅ 005-tables.sql (5 tables)
     ✅ Table grants: 72 statements copied
       + view: vw_call_summary_stats
       + view: vw_cdr_adr_combined
     ✅ 006-views.sql (2 views)
     ✅ 007-indexes.sql (3 indexes)
       + function: _navicat_temp_stored_proc
       + function: get_call_summary
       + function: mi_stats
     ✅ 008-functions.sql (3 functions)
  ✅ Schema calllogic done

  → Schema: champs
     roles:365 users:332 tables:3 views:1 indexes:3 functions:1 procedures:0
     ✅ 003-schema.sql
       + sequence: message_seq
       + sequence: pop_history_seq
       + sequence: secrets_seq
     ✅ 004-sequences.sql (3 sequences)
       + table: message
       + table: pop_history
       + table: secrets
     ✅ 005-tables.sql (3 tables)
     ✅ Table grants: 37 statements copied
       + view: vw_message_summary
     ✅ 006-views.sql (1 views)
     ✅ 007-indexes.sql (3 indexes)
       + function: isdateinrange
     ✅ 008-functions.sql (1 functions)
  ✅ Schema champs done

  → Schema: etop
     roles:365 users:332 tables:6 views:0 indexes:8 functions:0 procedures:0
     ✅ 003-schema.sql
       + enum: accounts_account_status
     ✅ 004-types.sql (1 enums)
     ✅ 004-sequences.sql (5 sequences)
       + table: accounts
       + table: emails
       + table: groups
       + table: jobs
       + table: migrations
       + table: users
     ✅ 005-tables.sql (6 tables)
     ✅ Table grants: 54 statements copied
     ✅ 007-indexes.sql (8 indexes)
  ✅ Schema etop done

  → Schema: feedback
     roles:365 users:332 tables:13 views:0 indexes:9 functions:0 procedures:0
     ✅ 003-schema.sql
       + sequence: authority_seq
       + sequence: brand_seq
       + sequence: category_seq
       + sequence: comment_seq
       + sequence: department_seq
       + sequence: feedback_seq
       + sequence: feedback_type_seq
       + sequence: fragment_seq
       + sequence: fragment_type_seq
       + sequence: status_seq
       + sequence: team_seq
       + sequence: users_seq
     ✅ 004-sequences.sql (12 sequences)
       + table: authority
       + table: brand
       + table: category
       + table: comment
       + table: department
       + table: feedback
       + table: feedback_type
       + table: fragment
       + table: fragment_type
       + table: status
       + table: team
       + table: user_authority
       + table: users
     ✅ 005-tables.sql (13 tables)
     ✅ Table grants: 133 statements copied
     ✅ 007-indexes.sql (9 indexes)
  ✅ Schema feedback done

  → Schema: geodata
     roles:365 users:332 tables:2 views:0 indexes:1 functions:0 procedures:0
     ✅ 003-schema.sql
       + sequence: location_seq
       + sequence: postcode_seq
     ✅ 004-sequences.sql (2 sequences)
       + table: location
       + table: postcode
     ✅ 005-tables.sql (2 tables)
     ✅ Table grants: 18 statements copied
     ✅ 007-indexes.sql (1 indexes)
  ✅ Schema geodata done

  → Schema: logger
     roles:365 users:332 tables:31 views:13 indexes:13 functions:10 procedures:0
     ✅ 003-schema.sql
       + sequence: agent_activity_seq
       + sequence: agent_assistance_seq
       + sequence: agent_call_detail_seq
       + sequence: agent_call_seq
       + sequence: agent_status_seq
       + sequence: app_activity_seq
       + sequence: call_detail_seq
       + sequence: callback_sequence
       + sequence: callcare_tariffs_seq
       + sequence: cdr_sequence
       + sequence: ivr_results_ivr_results_id_seq
       + sequence: message_seq
       + sequence: messagedata_sequence
       + sequence: mitel_cdr_id_seq
       + sequence: segment_seq
     ✅ 004-sequences.sql (16 sequences)
       + table: agent_activity
       + table: agent_assistance
       + table: agent_call
       + table: agent_call_detail
       + table: agent_session
       + table: agent_status
       + table: app_activity
       + table: call_detail
       + table: callcare_tariffs
       + table: calls_23032020
       + table: cdr
       + table: cdr_feedback
       + table: cdr_messages
       + table: cdr_segments
       + table: company_categories
       + table: dcdr
       + table: dcdr_agent_call
       + table: dcdr_agent_session
       + table: dcdr_agent_status
       + table: dcdr_callback
       + table: dcdr_feedback
       + table: ivr_callback
       + table: ivr_results
       + table: message_data
       + table: mitel_cdr
       + table: temp_basicOnePage
       + table: temp_callidcsv
       + table: temp_firstrungon
       + table: temp_fro
       + table: temp_tcp_accounts
       + table: voip_230320
     ✅ 005-tables.sql (31 tables)
     ✅ Table grants: 572 statements copied
       + view: vw_agent_stats_60days
       + view: vw_agent_stats_60days_dcdr
       + view: vw_call_summary_stats
       + view: vw_cdr_timezone_uk
       + view: vw_cdr_today
       + view: vw_cdr_today_date
       + view: vw_cdr_today_old
       + view: vw_cdr_with_msg_vars
       + view: vw_cdr_with_talktime
       + view: vw_company_talk_time_yesterday
       + view: vw_hourly_call_stats
       + view: vw_loggercdr
       + view: vw_test_call_logs
     ✅ 006-views.sql (13 views)
     ✅ 007-indexes.sql (13 indexes)
       + function: avg_duration_by_ddi(v_ddi text)
       + function: avg_duration_by_ddi(v_ddi text)(v_ddi text)
       + function: duration_stats
       + function: get_call_summary
       + function: get_call_summary2
       + function: get_session_stats
       + function: getrecordfilepath
       + function: mi_stats
       + function: min_wrap_by_ddi
     ✅ 008-functions.sql (10 functions)
  ✅ Schema logger done

  → Schema: logger_ifl
     roles:365 users:332 tables:3 views:0 indexes:0 functions:0 procedures:0
     ✅ 003-schema.sql
       + sequence: cdr_sequence
       + sequence: message_seq
       + sequence: segment_seq
     ✅ 004-sequences.sql (3 sequences)
       + table: cdr
       + table: cdr_messages
       + table: cdr_segments
     ✅ 005-tables.sql (3 tables)
     ✅ Table grants: 31 statements copied
  ✅ Schema logger_ifl done

  → Schema: messaging
     roles:365 users:332 tables:6 views:0 indexes:10 functions:0 procedures:2
     ✅ 003-schema.sql
     ✅ 004-sequences.sql (1 sequences)
       + table: app_access
       + table: app_granted_permissions
       + table: data_sms
       + table: registed_apps
       + table: sms_providers
       + table: sms_status
     ✅ 005-tables.sql (6 tables)
     ✅ Table grants: 54 statements copied
     ✅ 007-indexes.sql (10 indexes)
       + procedure: listproviders
       + procedure: pullappdata
     ✅ 009-procedures.sql (2 procedures)
  ✅ Schema messaging done

  → Schema: mitel
     roles:365 users:332 tables:3 views:0 indexes:0 functions:0 procedures:0
     ✅ 003-schema.sql
       + sequence: dnd_status_seq
     ✅ 004-sequences.sql (1 sequences)
       + table: dnd_status
       + table: user_groups
       + table: user_pins
     ✅ 005-tables.sql (3 tables)
     ✅ Table grants: 29 statements copied
  ✅ Schema mitel done

  → Schema: paxton
     roles:365 users:332 tables:1 views:0 indexes:0 functions:0 procedures:0
     ✅ 003-schema.sql
       + table: events
     ✅ 005-tables.sql (1 tables)
     ✅ Table grants: 11 statements copied
  ✅ Schema paxton done

  → Schema: quicksight
     roles:365 users:332 tables:2 views:0 indexes:1 functions:0 procedures:0
     ✅ 003-schema.sql
       + table: dashboard
       + table: iam_credentials
     ✅ 005-tables.sql (2 tables)
     ✅ Table grants: 18 statements copied
     ✅ 007-indexes.sql (1 indexes)
  ✅ Schema quicksight done

  → Schema: quicksight_clients
     roles:365 users:332 tables:4 views:0 indexes:1 functions:0 procedures:0
     ✅ 003-schema.sql
       + sequence: quicksight_authority_seq
       + sequence: quicksight_users_seq
     ✅ 004-sequences.sql (2 sequences)
       + table: authority
       + table: dashboard
       + table: user
       + table: user_authority
     ✅ 005-tables.sql (4 tables)
     ✅ Table grants: 36 statements copied
     ✅ 007-indexes.sql (1 indexes)
  ✅ Schema quicksight_clients done

  → Schema: router
     roles:365 users:332 tables:10 views:0 indexes:5 functions:0 procedures:0
     ✅ 003-schema.sql
       + sequence: asterisk_cli_group_seq
       + sequence: destinations_destinations_id_seq
       + sequence: groups_id_seq
       + sequence: isdn_mapping_seq
       + sequence: router_rules_id
       + sequence: rule_seq
       + sequence: wrap_group_seq
     ✅ 004-sequences.sql (7 sequences)
       + table: acd_pin
       + table: asterisk_cli_group
       + table: destinations
       + table: groups
       + table: hunt_group
       + table: isdn_mapping
       + table: rules
       + table: tcp_routes
       + table: translations
       + table: wrap_group
     ✅ 005-tables.sql (10 tables)
     ✅ Table grants: 96 statements copied
     ✅ 007-indexes.sql (5 indexes)
  ✅ Schema router done

  → Schema: signup
     roles:365 users:332 tables:3 views:0 indexes:1 functions:0 procedures:0
     ✅ 003-schema.sql
       + sequence: completed_order_seq
       + sequence: orderid_seq
     ✅ 004-sequences.sql (2 sequences)
       + table: completed_orders
       + table: pending_order
       + table: phone_codes
     ✅ 005-tables.sql (3 tables)
     ✅ Table grants: 27 statements copied
     ✅ 007-indexes.sql (1 indexes)
  ✅ Schema signup done

  → Schema: smdr
     roles:365 users:332 tables:1 views:0 indexes:0 functions:0 procedures:0
     ✅ 003-schema.sql
       + table: calls
     ✅ 005-tables.sql (1 tables)
     ✅ Table grants: 9 statements copied
  ✅ Schema smdr done

  → Schema: staging_router
     roles:365 users:332 tables:7 views:0 indexes:2 functions:0 procedures:0
     ✅ 003-schema.sql
       + sequence: agentgroup_seq
       + sequence: destination_seq
       + sequence: hunt_seq
       + sequence: hunt_state_seq
       + sequence: rule_data_type_seq
       + sequence: rule_seq
       + sequence: translation_seq
     ✅ 004-sequences.sql (7 sequences)
       + table: agent_group
       + table: destination
       + table: hunt_group
       + table: hunt_group_state
       + table: rule
       + table: rule_data_type
       + table: translation
     ✅ 005-tables.sql (7 tables)
     ✅ Table grants: 68 statements copied
     ✅ 007-indexes.sql (2 indexes)
  ✅ Schema staging_router done

  → Schema: wallboard
     roles:365 users:332 tables:3 views:0 indexes:0 functions:0 procedures:0
     ✅ 003-schema.sql
       + sequence: profile_seq
       + sequence: tile_sequence
     ✅ 004-sequences.sql (2 sequences)
       + table: filterparams
       + table: profile
       + table: tiles
     ✅ 005-tables.sql (3 tables)
     ✅ Table grants: 27 statements copied
  ✅ Schema wallboard done

  → Schema: wallboard2
     roles:365 users:332 tables:1 views:0 indexes:0 functions:0 procedures:0
     ✅ 003-schema.sql
       + sequence: profile_seq
     ✅ 004-sequences.sql (1 sequences)
       + table: profile
     ✅ 005-tables.sql (1 tables)
     ✅ Table grants: 9 statements copied
  ✅ Schema wallboard2 done

  → Schema: public
     roles:365 users:332 tables:5 views:4 indexes:0 functions:768 procedures:0
     ✅ 003-schema.sql
       + sequence: adr_seq
       + sequence: adrseg_seq
       + sequence: cdr_seq
       + sequence: cdrseg_seq
       + sequence: groups_id_seq
       + sequence: hibernate_sequence
     ✅ 004-sequences.sql (6 sequences)
       + table: postcodes
       + table: repltest
       + table: sessionstats
       + table: spatial_ref_sys
       + table: temp_calls
     ✅ 005-tables.sql (5 tables)
     ✅ Table grants: 67 statements copied
       + view: geography_columns
       + view: geometry_columns
       + view: pg_stat_statements
       + view: pg_stat_statements_info
     ✅ 006-views.sql (4 views)
       + function: _postgis_deprecate
       + function: _postgis_index_extent
       + function: _postgis_join_selectivity
       + function: _postgis_pgsql_version
       + function: _postgis_scripts_pgsql_version
       + function: _postgis_selectivity
       + function: _postgis_stats
       + function: _st_3ddfullywithin
       + function: _st_3ddwithin
       + function: _st_3dintersects
       + function: _st_asgml
       + function: _st_asx3d
       + function: _st_bestsrid
       + function: _st_concavehull
       + function: _st_contains
       + function: _st_containsproperly
       + function: _st_coveredby
       + function: _st_covers
       + function: _st_crosses
       + function: _st_dfullywithin
       + function: _st_distancetree
       + function: _st_distanceuncached
       + function: _st_dwithin
       + function: _st_dwithinuncached
       + function: _st_equals
       + function: _st_expand
       + function: _st_geomfromgml
       + function: _st_intersects
       + function: _st_linecrossingdirection
       + function: _st_longestline
       + function: _st_maxdistance
       + function: _st_orderingequals
       + function: _st_overlaps
       + function: _st_pointoutside
       + function: _st_sortablehash
       + function: _st_touches
       + function: _st_voronoi
       + function: _st_within
       + function: addgeometrycolumn
       + function: agent_stats
       + function: box
       + function: box2d
       + function: box2d_in
       + function: box2d_out
       + function: box2df_in
       + function: box2df_out
       + function: box3d
       + function: box3d_in
       + function: box3d_out
       + function: box3dtobox
       + function: bytea
       + function: cdr_with_outbound_type
       + function: connectby
       + function: contains_2d
       + function: crosstab
       + function: crosstab2
       + function: crosstab3
       + function: crosstab4
       + function: dropgeometrycolumn
       + function: dropgeometrytable
       + function: equals
       + function: file_fdw_handler
       + function: file_fdw_validator
       + function: find_location_within_range_by_company
       + function: find_srid
       + function: geog_brin_inclusion_add_value
       + function: geography
       + function: geography_analyze
       + function: geography_cmp
       + function: geography_distance_knn
       + function: geography_eq
       + function: geography_ge
       + function: geography_gist_compress
       + function: geography_gist_consistent
       + function: geography_gist_decompress
       + function: geography_gist_distance
       + function: geography_gist_penalty
       + function: geography_gist_picksplit
       + function: geography_gist_same
       + function: geography_gist_union
       + function: geography_gt
       + function: geography_in
       + function: geography_le
       + function: geography_lt
       + function: geography_out
       + function: geography_overlaps
       + function: geography_recv
       + function: geography_send
       + function: geography_spgist_choose_nd
       + function: geography_spgist_compress_nd
       + function: geography_spgist_config_nd
       + function: geography_spgist_inner_consistent_nd
       + function: geography_spgist_leaf_consistent_nd
       + function: geography_spgist_picksplit_nd
       + function: geography_typmod_in
       + function: geography_typmod_out
       + function: geom2d_brin_inclusion_add_value
       + function: geom3d_brin_inclusion_add_value
       + function: geom4d_brin_inclusion_add_value
       + function: geometry
       + function: geometry_above
       + function: geometry_analyze
       + function: geometry_below
       + function: geometry_cmp
       + function: geometry_contained_3d
       + function: geometry_contains
       + function: geometry_contains_3d
       + function: geometry_contains_nd
       + function: geometry_distance_box
       + function: geometry_distance_centroid
       + function: geometry_distance_centroid_nd
       + function: geometry_distance_cpa
       + function: geometry_eq
       + function: geometry_ge
       + function: geometry_gist_compress_2d
       + function: geometry_gist_compress_nd
       + function: geometry_gist_consistent_2d
       + function: geometry_gist_consistent_nd
       + function: geometry_gist_decompress_2d
       + function: geometry_gist_decompress_nd
       + function: geometry_gist_distance_2d
       + function: geometry_gist_distance_nd
       + function: geometry_gist_penalty_2d
       + function: geometry_gist_penalty_nd
       + function: geometry_gist_picksplit_2d
       + function: geometry_gist_picksplit_nd
       + function: geometry_gist_same_2d
       + function: geometry_gist_same_nd
       + function: geometry_gist_sortsupport_2d
       + function: geometry_gist_union_2d
       + function: geometry_gist_union_nd
       + function: geometry_gt
       + function: geometry_hash
       + function: geometry_in
       + function: geometry_le
       + function: geometry_left
       + function: geometry_lt
       + function: geometry_neq
       + function: geometry_out
       + function: geometry_overabove
       + function: geometry_overbelow
       + function: geometry_overlaps
       + function: geometry_overlaps_3d
       + function: geometry_overlaps_nd
       + function: geometry_overleft
       + function: geometry_overright
       + function: geometry_recv
       + function: geometry_right
       + function: geometry_same
       + function: geometry_same_3d
       + function: geometry_same_nd
       + function: geometry_send
       + function: geometry_sortsupport
       + function: geometry_spgist_choose_2d
       + function: geometry_spgist_choose_3d
       + function: geometry_spgist_choose_nd
       + function: geometry_spgist_compress_2d
       + function: geometry_spgist_compress_3d
       + function: geometry_spgist_compress_nd
       + function: geometry_spgist_config_2d
       + function: geometry_spgist_config_3d
       + function: geometry_spgist_config_nd
       + function: geometry_spgist_inner_consistent_2d
       + function: geometry_spgist_inner_consistent_3d
       + function: geometry_spgist_inner_consistent_nd
       + function: geometry_spgist_leaf_consistent_2d
       + function: geometry_spgist_leaf_consistent_3d
       + function: geometry_spgist_leaf_consistent_nd
       + function: geometry_spgist_picksplit_2d
       + function: geometry_spgist_picksplit_3d
       + function: geometry_spgist_picksplit_nd
       + function: geometry_typmod_in
       + function: geometry_typmod_out
       + function: geometry_within
       + function: geometry_within_nd
       + function: geometrytype
       + function: geomfromewkb
       + function: geomfromewkt
       + function: get_proj4_from_srid
       + function: gidx_in
       + function: gidx_out
       + function: gserialized_gist_joinsel_2d
       + function: gserialized_gist_joinsel_nd
       + function: gserialized_gist_sel_2d
       + function: gserialized_gist_sel_nd
       + function: is_contained_2d
       + function: isdateinrange
       + function: json
       + function: jsonb
       + function: normal_rand
       + function: overlaps_2d
       + function: overlaps_geog
       + function: overlaps_nd
       + function: path
       + function: pg_stat_statements
       + function: pg_stat_statements_info
       + function: pg_stat_statements_reset
       + function: pgis_asflatgeobuf_finalfn
       + function: pgis_asflatgeobuf_transfn
       + function: pgis_asgeobuf_finalfn
       + function: pgis_asgeobuf_transfn
       + function: pgis_asmvt_combinefn
       + function: pgis_asmvt_deserialfn
       + function: pgis_asmvt_finalfn
       + function: pgis_asmvt_serialfn
       + function: pgis_asmvt_transfn
       + function: pgis_geometry_accum_transfn
       + function: pgis_geometry_clusterintersecting_finalfn
       + function: pgis_geometry_clusterwithin_finalfn
       + function: pgis_geometry_collect_finalfn
       + function: pgis_geometry_coverageunion_finalfn
       + function: pgis_geometry_makeline_finalfn
       + function: pgis_geometry_polygonize_finalfn
       + function: pgis_geometry_union_parallel_combinefn
       + function: pgis_geometry_union_parallel_deserialfn
       + function: pgis_geometry_union_parallel_finalfn
       + function: pgis_geometry_union_parallel_serialfn
       + function: pgis_geometry_union_parallel_transfn
       + function: point
       + function: polygon
       + function: populate_geometry_columns
       + function: postgis_addbbox
       + function: postgis_cache_bbox
       + function: postgis_constraint_dims
       + function: postgis_constraint_srid
       + function: postgis_constraint_type
       + function: postgis_dropbbox
       + function: postgis_extensions_upgrade
       + function: postgis_full_version
       + function: postgis_geos_compiled_version
       + function: postgis_geos_noop
       + function: postgis_geos_version
       + function: postgis_getbbox
       + function: postgis_hasbbox
       + function: postgis_index_supportfn
       + function: postgis_lib_build_date
       + function: postgis_lib_revision
       + function: postgis_lib_version
       + function: postgis_libjson_version
       + function: postgis_liblwgeom_version
       + function: postgis_libprotobuf_version
       + function: postgis_libxml_version
       + function: postgis_noop
       + function: postgis_proj_compiled_version
       + function: postgis_proj_version
       + function: postgis_scripts_build_date
       + function: postgis_scripts_installed
       + function: postgis_scripts_released
       + function: postgis_srs
       + function: postgis_srs_all
       + function: postgis_srs_codes
       + function: postgis_srs_search
       + function: postgis_svn_version
       + function: postgis_transform_geometry
       + function: postgis_transform_pipeline_geometry
       + function: postgis_type_name
       + function: postgis_typmod_dims
       + function: postgis_typmod_srid
       + function: postgis_typmod_type
       + function: postgis_version
       + function: postgis_wagyu_version
       + function: spheroid_in
       + function: spheroid_out
       + function: st_3dclosestpoint
       + function: st_3ddfullywithin
       + function: st_3ddistance
       + function: st_3ddwithin
       + function: st_3dintersects
       + function: st_3dlength
       + function: st_3dlineinterpolatepoint
       + function: st_3dlongestline
       + function: st_3dmakebox
       + function: st_3dmaxdistance
       + function: st_3dperimeter
       + function: st_3dshortestline
       + function: st_addmeasure
       + function: st_addpoint
       + function: st_affine
       + function: st_angle
       + function: st_area
       + function: st_area2d
       + function: st_asbinary
       + function: st_asencodedpolyline
       + function: st_asewkb
       + function: st_asewkt
       + function: st_asgeojson
       + function: st_asgml
       + function: st_ashexewkb
       + function: st_askml
       + function: st_aslatlontext
       + function: st_asmarc21
       + function: st_asmvtgeom
       + function: st_assvg
       + function: st_astext
       + function: st_astwkb
       + function: st_asx3d
       + function: st_azimuth
       + function: st_bdmpolyfromtext
       + function: st_bdpolyfromtext
       + function: st_boundary
       + function: st_boundingdiagonal
       + function: st_box2dfromgeohash
       + function: st_buffer
       + function: st_buildarea
       + function: st_centroid
       + function: st_chaikinsmoothing
       + function: st_cleangeometry
       + function: st_clipbybox2d
       + function: st_closestpoint
       + function: st_closestpointofapproach
       + function: st_clusterintersecting
       + function: st_clusterwithin
       + function: st_collect
       + function: st_collectionextract
       + function: st_collectionhomogenize
       + function: st_combinebbox
       + function: st_concavehull
       + function: st_contains
       + function: st_containsproperly
       + function: st_convexhull
       + function: st_coorddim
       + function: st_coverageunion
       + function: st_coveredby
       + function: st_covers
       + function: st_cpawithin
       + function: st_crosses
       + function: st_curven
       + function: st_curvetoline
       + function: st_delaunaytriangles
       + function: st_dfullywithin
       + function: st_difference
       + function: st_dimension
       + function: st_disjoint
       + function: st_distance
       + function: st_distancecpa
       + function: st_distancesphere
       + function: st_distancespheroid
       + function: st_dump
       + function: st_dumppoints
       + function: st_dumprings
       + function: st_dumpsegments
       + function: st_dwithin
       + function: st_endpoint
       + function: st_envelope
       + function: st_equals
       + function: st_estimatedextent
       + function: st_expand
       + function: st_exteriorring
       + function: st_filterbym
       + function: st_findextent
       + function: st_flipcoordinates
       + function: st_force2d
       + function: st_force3d
       + function: st_force3dm
       + function: st_force3dz
       + function: st_force4d
       + function: st_forcecollection
       + function: st_forcecurve
       + function: st_forcepolygonccw
       + function: st_forcepolygoncw
       + function: st_forcerhr
       + function: st_forcesfs
       + function: st_frechetdistance
       + function: st_fromflatgeobuf
       + function: st_fromflatgeobuftotable
       + function: st_generatepoints
       + function: st_geogfromtext
       + function: st_geogfromwkb
       + function: st_geographyfromtext
       + function: st_geohash
       + function: st_geomcollfromtext
       + function: st_geomcollfromwkb
       + function: st_geometricmedian
       + function: st_geometryfromtext
       + function: st_geometryn
       + function: st_geometrytype
       + function: st_geomfromewkb
       + function: st_geomfromewkt
       + function: st_geomfromgeohash
       + function: st_geomfromgeojson
       + function: st_geomfromgml
       + function: st_geomfromkml
       + function: st_geomfrommarc21
       + function: st_geomfromtext
       + function: st_geomfromtwkb
       + function: st_geomfromwkb
       + function: st_gmltosql
       + function: st_hasarc
       + function: st_hasm
       + function: st_hasz
       + function: st_hausdorffdistance
       + function: st_hexagon
       + function: st_hexagongrid
       + function: st_interiorringn
       + function: st_interpolatepoint
       + function: st_intersection
       + function: st_intersects
       + function: st_inversetransformpipeline
       + function: st_isclosed
       + function: st_iscollection
       + function: st_isempty
       + function: st_ispolygonccw
       + function: st_ispolygoncw
       + function: st_isring
       + function: st_issimple
       + function: st_isvalid
       + function: st_isvaliddetail
       + function: st_isvalidreason
       + function: st_isvalidtrajectory
       + function: st_largestemptycircle
       + function: st_length
       + function: st_length2d
       + function: st_length2dspheroid
       + function: st_lengthspheroid
       + function: st_letters
       + function: st_linecrossingdirection
       + function: st_lineextend
       + function: st_linefromencodedpolyline
       + function: st_linefrommultipoint
       + function: st_linefromtext
       + function: st_linefromwkb
       + function: st_lineinterpolatepoint
       + function: st_lineinterpolatepoints
       + function: st_linelocatepoint
       + function: st_linemerge
       + function: st_linestringfromwkb
       + function: st_linesubstring
       + function: st_linetocurve
       + function: st_locatealong
       + function: st_locatebetween
       + function: st_locatebetweenelevations
       + function: st_longestline
       + function: st_m
       + function: st_makebox2d
       + function: st_makeenvelope
       + function: st_makeline
       + function: st_makepoint
       + function: st_makepointm
       + function: st_makepolygon
       + function: st_makevalid
       + function: st_maxdistance
       + function: st_maximuminscribedcircle
       + function: st_memsize
       + function: st_minimumboundingcircle
       + function: st_minimumboundingradius
       + function: st_minimumclearance
       + function: st_minimumclearanceline
       + function: st_mlinefromtext
       + function: st_mlinefromwkb
       + function: st_mpointfromtext
       + function: st_mpointfromwkb
       + function: st_mpolyfromtext
       + function: st_mpolyfromwkb
       + function: st_multi
       + function: st_multilinefromwkb
       + function: st_multilinestringfromtext
       + function: st_multipointfromtext
       + function: st_multipointfromwkb
       + function: st_multipolyfromwkb
       + function: st_multipolygonfromtext
       + function: st_ndims
       + function: st_node
       + function: st_normalize
       + function: st_npoints
       + function: st_nrings
       + function: st_numcurves
       + function: st_numgeometries
       + function: st_numinteriorring
       + function: st_numinteriorrings
       + function: st_numpatches
       + function: st_numpoints
       + function: st_offsetcurve
       + function: st_orderingequals
       + function: st_orientedenvelope
       + function: st_overlaps
       + function: st_patchn
       + function: st_perimeter
       + function: st_perimeter2d
       + function: st_point
       + function: st_pointfromgeohash
       + function: st_pointfromtext
       + function: st_pointfromwkb
       + function: st_pointinsidecircle
       + function: st_pointm
       + function: st_pointn
       + function: st_pointonsurface
       + function: st_points
       + function: st_pointz
       + function: st_pointzm
       + function: st_polyfromtext
       + function: st_polyfromwkb
       + function: st_polygon
       + function: st_polygonfromtext
       + function: st_polygonfromwkb
       + function: st_polygonize
       + function: st_project
       + function: st_quantizecoordinates
       + function: st_reduceprecision
       + function: st_relate
       + function: st_relatematch
       + function: st_removeirrelevantpointsforview
       + function: st_removepoint
       + function: st_removerepeatedpoints
       + function: st_removesmallparts
       + function: st_reverse
       + function: st_rotate
       + function: st_rotatex
       + function: st_rotatey
       + function: st_rotatez
       + function: st_scale
       + function: st_scroll
       + function: st_segmentize
       + function: st_seteffectivearea
       + function: st_setpoint
       + function: st_setsrid
       + function: st_sharedpaths
       + function: st_shiftlongitude
       + function: st_shortestline
       + function: st_simplify
       + function: st_simplifypolygonhull
       + function: st_simplifypreservetopology
       + function: st_simplifyvw
       + function: st_snap
       + function: st_snaptogrid
       + function: st_split
       + function: st_square
       + function: st_squaregrid
       + function: st_srid
       + function: st_startpoint
       + function: st_subdivide
       + function: st_summary
       + function: st_swapordinates
       + function: st_symdifference
       + function: st_symmetricdifference
       + function: st_tileenvelope
       + function: st_touches
       + function: st_transform
       + function: st_transformpipeline
       + function: st_translate
       + function: st_transscale
       + function: st_triangulatepolygon
       + function: st_unaryunion
       + function: st_union
       + function: st_voronoilines
       + function: st_voronoipolygons
       + function: st_within
       + function: st_wkbtosql
       + function: st_wkttosql
       + function: st_wrapx
       + function: st_x
       + function: st_xmax
       + function: st_xmin
       + function: st_y
       + function: st_ymax
       + function: st_ymin
       + function: st_z
       + function: st_zmax
       + function: st_zmflag
       + function: st_zmin
       + function: text
       + function: updategeometrysrid
     ✅ 008-functions.sql (768 functions)
     ✅ 012-rules.sql (3 rules)
  ✅ Schema public done
       + extension: file_fdw (schema: public)
       + extension: pg_stat_statements (schema: public)
       + extension: plperl (schema: pg_catalog)
       + extension: postgis (schema: public)
       + extension: postgres_fdw (schema: api)
       + extension: tablefunc (schema: public)
     ✅ extensions.sql (6 extensions)
       + FDW: file_fdw
       + FDW: postgres_fdw
       + Foreign Server: autoform
       + Foreign Server: bling_server
       + Foreign Server: file_fdw_server
       + Foreign Server: msgstore
       + Foreign Server: widgets
       + User Mapping: postgres → autoform
       + User Mapping: webreports1 → autoform
       + User Mapping: baz.patel.pgadmin → bling_server
       + User Mapping: postgres → bling_server
       + User Mapping: webreports1 → bling_server
       + User Mapping: postgres → msgstore
       + User Mapping: webreports1 → msgstore
       + User Mapping: postgres → widgets
       + User Mapping: webreports1 → widgets
     ✅ fdw.sql (2 FDWs)
       + publication: logger
     ✅ replication.sql (1 publications)

  Running changelog-sync for z_voffice...
./Migrate_prod_to_repo.sh: line 1511: liquibase: command not found
  ✅ z_voffice done!

──────────────────────────────────────────
 Processing: zz_widgets
──────────────────────────────────────────
  Schema: callout (tables:1 views:3)
  Schema: deptools (tables:1 views:0)
  Schema: public (tables:0 views:2)

  → Schema: callout
     roles:365 users:332 tables:1 views:3 indexes:2 functions:5 procedures:0
     ✅ 001-roles.sql (365 roles)
     ✅ 002-users.sql (332 users)
     ✅ 003-schema.sql
       + table: calls
     ✅ 005-tables.sql (1 tables)
     ✅ Table grants: 12 statements copied
       + view: calls_report_fill5
       + view: vw_calls_report_fill5
       + view: vw_calls_report_fill5_lastmonth
     ✅ 006-views.sql (3 views)
     ✅ 007-indexes.sql (2 indexes)
       + function: postgres_fdw_disconnect
       + function: postgres_fdw_disconnect_all
       + function: postgres_fdw_get_connections
       + function: postgres_fdw_handler
       + function: postgres_fdw_validator
     ✅ 008-functions.sql (5 functions)
  ✅ Schema callout done

  → Schema: deptools
     roles:365 users:332 tables:1 views:0 indexes:1 functions:0 procedures:0
     ✅ 003-schema.sql
     ✅ 004-sequences.sql (1 sequences)
       + table: tariffs
     ✅ 005-tables.sql (1 tables)
     ✅ Table grants: 2 statements copied
     ✅ 007-indexes.sql (1 indexes)
  ✅ Schema deptools done

  → Schema: public
     roles:365 users:332 tables:0 views:2 indexes:0 functions:3 procedures:0
     ✅ 003-schema.sql
       + view: pg_stat_statements
       + view: pg_stat_statements_info
     ✅ 006-views.sql (2 views)
       + function: pg_stat_statements
       + function: pg_stat_statements_info
       + function: pg_stat_statements_reset
     ✅ 008-functions.sql (3 functions)
  ✅ Schema public done
       + extension: pg_stat_statements (schema: public)
       + extension: postgres_fdw (schema: callout)
     ✅ extensions.sql (2 extensions)
       + FDW: postgres_fdw
       + Foreign Server: widgets
       + User Mapping: postgres → widgets
     ✅ fdw.sql (1 FDWs)

  Running changelog-sync for zz_widgets...
./Migrate_prod_to_repo.sh: line 1511: liquibase: command not found
  ✅ zz_widgets done!

──────────────────────────────────────────
 Processing: zzz_billing
──────────────────────────────────────────
  Schema: public (tables:56 views:38)

  → Schema: public
     roles:365 users:332 tables:56 views:38 indexes:122 functions:71 procedures:0
     ✅ 001-roles.sql (365 roles)
     ✅ 002-users.sql (332 users)
     ✅ 003-schema.sql
       + sequence: seq_tmp_client_grouping
     ✅ 004-sequences.sql (45 sequences)
       + table: account
       + table: account_activity
       + table: account_copy
       + table: account_counter
       + table: account_ddi
       + table: account_detail
       + table: account_discount
       + table: account_discount_to_invoice
       + table: account_kind
       + table: account_note
       + table: account_tags
       + table: account_tariff
       + table: account_template
       + table: account_template_deteled_06-2019
       + table: account_to_account_tags
       + table: account_to_tariff
       + table: account_to_tariff_06-2019
       + table: additional_bill
       + table: additional_charge
       + table: alias
       + table: audit_table
       + table: bank_holiday
       + table: cdr
       + table: charge
       + table: charge_type
       + table: companypostgres
       + table: countries
       + table: credit_history
       + table: epdq_alias
       + table: epdq_payment_request_log
       + table: epdq_payment_response_log
       + table: external_cache_data
       + table: free
       + table: free_counter
       + table: free_type
       + table: interim
       + table: invoice
       + table: invoice_counter
       + table: invoice_report
       + table: option
       + table: recurring_bill
       + table: roles
       + table: service_number
       + table: service_number_note
       + table: tariff
       + table: tariff_note
       + table: tariff_override
       + table: temp_cdr
       + table: timezones
       + table: transaction
       + table: user_roles
       + table: users
       + table: users_history
       + table: vat
       + table: vodafone_ddi
       + table: ybv_numbers
     ✅ 005-tables.sql (56 tables)
     ✅ Table grants: 492 statements copied
       + view: ____vw_tmp_invoices
       + view: ____vw_tmp_report_call_avg
       + view: pg_stat_statements
       + view: pg_stat_statements_info
       + view: vw_account_numbers
       + view: vw_account_numbers_now
       + view: vw_account_tariffs
       + view: vw_account_tariffs_free_seconds
       + view: vw_accounts_live
       + view: vw_accounts_live_with_tags
       + view: vw_accounts_search
       + view: vw_accounts_search_suspended
       + view: vw_accounts_xul_search
       + view: vw_adp_bundle_usage
       + view: vw_adptcp_callstats_by_hour15min_interval
       + view: vw_affiliate_report
       + view: vw_call_billing_data
       + view: vw_calls_by_site_date_last90days
       + view: vw_cdr_detail
       + view: vw_cdr_in_detail
       + view: vw_cdr_out_detail
       + view: vw_cdr_report
       + view: vw_charge_detail
       + view: vw_free
       + view: vw_free_magrathea_service_numbers
       + view: vw_get_ddi_test_numbers
       + view: vw_get_ddi_test_numbers_by_tag
       + view: vw_life_report
       + view: vw_live_accounts_with_ddi_and_tariffs
       + view: vw_service_numbers
       + view: vw_service_numbers2
       + view: vw_temp_andy_health_invoices
       + view: vw_temp_andy_highest_yearly_invoice_health_clients
       + view: vw_unused_voip_no
       + view: vw_ybv_callstats_by_hour15min_interval
       + view: vw_ybv_callstats_by_hour15min_intervalv2
       + view: vw_ybv_calltraffic_per_ddi
       + view: vw_zero_invoices_jan_2016
     ✅ 006-views.sql (38 views)
     ✅ 007-indexes.sql (122 indexes)
       + function: generate_additional_bills
       + function: generate_free_counter
       + function: generate_interim_totals
       + function: generate_interval_invoices
       + function: generate_invoice
       + function: generate_special_invoice
       + function: get_account_id
       + function: get_account_kind_id
       + function: get_account_name
       + function: get_account_tariff
       + function: get_account_tariff_id
       + function: get_account_tariff_interval
       + function: get_account_tariff_name
       + function: get_anniversaries
       + function: get_audit_table_data
       + function: get_charge_type
       + function: get_charge_type_id
       + function: get_company_details_by_ddi
       + function: get_cost
       + function: get_free_type_id
       + function: get_interim_account
       + function: get_interim_accounts
       + function: get_interim_total
       + function: get_interim_total_from_snapshot
       + function: get_last_day
       + function: get_last_invoice_type
       + function: get_next_account_number
       + function: get_next_day
       + function: get_next_invoice_number
       + function: get_run_next_from_date
       + function: get_service_number
       + function: get_service_number_public
       + function: get_tariff
       + function: get_tariff_class
       + function: get_timezone
       + function: get_vat
       + function: is_free
       + function: log_to_audit_table()
       + function: notify_account_update
       + function: pg_stat_statements
       + function: pg_stat_statements_info
       + function: pg_stat_statements_reset
       + function: pitr_account
       + function: pitr_account_ddi
       + function: pitr_account_detail
       + function: pitr_account_discount
       + function: pitr_account_template
       + function: pitr_additional_bill
       + function: pitr_recurring_bill
       + function: pitr_service_number
       + function: plpg_check_account
       + function: plpg_check_account_discount
       + function: plpg_check_account_to_tariff
       + function: plpg_check_additional_bill
       + function: plpg_check_additional_charge_before_delete
       + function: plpg_check_additional_charge_before_insert
       + function: plpg_check_cdr_before_delete
       + function: plpg_check_cdr_before_insert
       + function: plpg_check_credit_history
       + function: plpg_check_credit_history_after
       + function: plpg_check_invoice
       + function: plpg_check_recurring_bill
       + function: plpg_check_tariff
       + function: plpg_set_tariff_class
       + function: postgres_fdw_disconnect
       + function: postgres_fdw_disconnect_all
       + function: postgres_fdw_get_connections
       + function: postgres_fdw_handler
       + function: postgres_fdw_validator
       + function: ts_round
       + function: update_tariff
     ✅ 008-functions.sql (71 functions)
       + trigger: notify_event on account
       + trigger: trigger_account_audit on account
       + trigger: trigger_account_check on account
       + trigger: notify_event on account_ddi
       + trigger: trigger_account_ddi_audit on account_ddi
       + trigger: trigger_account_detail_audit on account_detail
       + trigger: trigger_account_discount_audit on account_discount
       + trigger: trigger_account_discount_check on account_discount
       + trigger: trigger_account_template_audit on account_template
       + trigger: trigger_check_account_to_tariff on account_to_tariff
       + trigger: trigger_additional_bill_audit on additional_bill
       + trigger: trigger_additional_bill_check on additional_bill
       + trigger: trigger_additional_charge_delete on additional_charge
       + trigger: trigger_additional_charge_insert on additional_charge
       + trigger: trigger_cdr_before_delete on cdr
       + trigger: trigger_cdr_before_insert on cdr
       + trigger: trigger_credit_history_check on credit_history
       + trigger: trigger_credit_history_check_after on credit_history
       + trigger: trig_invoice_check on invoice
       + trigger: trigger_check_recurring_bill on recurring_bill
       + trigger: trigger_recurring_bill_audit on recurring_bill
       + trigger: trigger_service_number_audit on service_number
       + trigger: trigger_tariff_set_class on tariff
     ✅ 010-triggers.sql (54 triggers)
     ✅ 012-rules.sql (4 rules)
  ✅ Schema public done
       + extension: pg_stat_statements (schema: public)
       + extension: plperl (schema: pg_catalog)
       + extension: postgres_fdw (schema: public)
     ✅ extensions.sql (3 extensions)
       + FDW: postgres_fdw
       + Foreign Server: virtualoffice_server
       + User Mapping: baz.patel.pgadmin → virtualoffice_server
     ✅ fdw.sql (1 FDWs)
       + publication: billing_migration
     ✅ replication.sql (1 publications)

  Running changelog-sync for zzz_billing...
./Migrate_prod_to_repo.sh: line 1511: liquibase: command not found
  ✅ zzz_billing done!

============================================
 ✅ All databases migrated!

 Files created only where content exists:
   001-roles.sql      → only if roles found
   002-users.sql      → only if users found
   003-schema.sql     → always
   005-tables.sql     → only if tables found
   006-views.sql      → only if views found
   007-indexes.sql    → only if indexes found
   008-functions.sql  → only if functions found
   009-procedures.sql → only if procedures found

 Next steps:
   git add databases/
   git commit -m 'feat: copy exact structure from all DBs'
   git push origin development
============================================
